sample_id,feature_1,feature_2,feature_3,feature_4,feature_5,feature_6,feature_7,feature_8,noise_feature_1,noise_feature_2,class_target,regression_target
QML_0001,0.304717,-0.956566,-0.446069,-2.027223,-0.632695,-0.08499,-0.203599,0.907523,-0.81817,-1.498972,0,4.216589
QML_0002,-1.039984,-0.985256,0.980191,-0.759935,-1.063402,0.121038,-0.202555,-0.29938,-0.464004,0.649248,1,4.211821
QML_0003,0.750451,0.769941,0.281173,2.26143,1.171062,1.526303,1.360791,1.352436,0.599089,-0.337908,1,6.024525
QML_0004,0.940565,0.430273,-0.697557,0.575678,0.594405,0.437518,-0.580519,0.073724,1.143076,-1.87112,1,8.213393
QML_0005,-1.951035,-1.626048,-0.86594,-0.592949,-1.221365,0.176293,-0.658734,-1.432268,2.701968,-0.063089,0,3.144366
QML_0006,-1.30218,-1.289279,-1.647496,-2.305446,-0.827192,-0.19988,-1.375886,-0.71996,-0.465673,-1.248821,0,6.841056
QML_0007,0.12784,-0.535174,0.290733,0.501366,0.644111,-0.050557,-0.113954,0.365189,-0.415729,1.660379,1,6.853921
QML_0008,-0.316243,-0.921517,-0.354588,-2.038712,-0.951766,1.304592,0.755426,-1.029555,0.58857,-0.578822,0,-0.520107
QML_0009,-0.016801,1.930147,-2.372196,0.21272,0.389871,0.003705,-0.759608,0.252204,-0.682217,0.681506,0,10.005135
QML_0010,-0.853044,-0.21629,-0.535715,1.259753,0.739509,-0.394997,-0.086145,-0.415206,-0.140962,1.088963,0,4.310536
QML_0011,0.879398,1.237414,-0.901034,-0.382073,-0.699341,-0.564507,-0.700599,0.103156,-0.415038,-0.954928,0,8.278386
QML_0012,0.777792,0.01207,1.575678,-1.002943,-0.860919,-0.553765,1.505401,-1.494375,-2.621654,0.076047,1,7.384816
QML_0013,0.066031,-0.121746,-1.702779,-2.263079,-0.7619,-1.402096,-1.143977,1.045264,0.123233,0.553468,0,5.745286
QML_0014,1.127241,0.013462,-1.441351,-2.376111,-0.779981,-0.750375,-1.13259,-0.414224,-0.182361,0.115546,1,7.895878
QML_0015,0.467509,-1.996822,1.10997,-0.349867,-0.03595,1.49842,0.996748,-1.079525,1.271231,0.361101,1,8.156094
QML_0016,-0.859292,-1.643919,1.356763,1.916726,0.728209,-0.206599,0.662982,-0.186252,0.00549,-1.329629,1,8.053431
QML_0017,0.368751,-1.336213,-0.744983,-1.279686,-0.879634,0.704412,-0.357516,-0.041468,-1.254747,0.554036,1,5.381503
QML_0018,-0.958883,-2.439702,-0.632086,0.370278,0.378867,-2.478757,-0.309716,0.412208,-0.258099,-0.486164,0,6.546249
QML_0019,0.87845,-0.532907,0.616235,0.921529,0.407348,0.568311,0.823273,0.073687,-2.091083,0.349451,1,8.802932
QML_0020,-0.049926,1.098753,-2.3271,-2.195851,-1.140689,-0.161353,-2.031409,-1.369429,-1.210918,0.919989,0,11.054404
QML_0021,-0.184862,-0.139445,-1.861194,-1.734498,-0.983653,-0.48144,-0.841247,1.114537,0.635506,0.668809,0,7.079732
QML_0022,-0.68093,0.722468,-0.280733,-0.843616,-0.251752,0.18096,-0.785616,-0.130473,-0.24734,0.34872,0,0.9758
QML_0023,1.222541,1.021733,1.549891,0.850466,0.896405,-0.495825,0.712755,-1.269037,0.922508,0.642128,1,10.088207
QML_0024,-0.154529,0.580184,-0.43573,-0.304824,-0.731534,-2.123875,-0.648812,0.818485,-1.966892,0.688411,0,1.515912
QML_0025,-0.428328,-1.001343,0.100937,1.170975,0.143509,0.922248,-0.626178,0.480463,-0.242461,1.495501,1,7.871721
QML_0026,-0.352134,0.251685,1.133789,1.837989,1.147779,0.243018,1.453833,0.448313,-0.475512,-0.034051,1,6.428422
QML_0027,0.532309,0.912177,2.106885,1.291861,0.937296,-0.313942,0.844935,-0.219258,0.955849,0.163957,1,11.036727
QML_0028,0.365444,-0.289156,-0.576848,2.461236,0.914387,-0.966185,-0.85809,-0.268509,0.672763,0.932067,1,6.983138
QML_0029,0.412733,0.702612,-0.016837,1.271805,0.735455,-1.469858,0.804229,0.109016,0.642252,-0.490388,1,4.438367
QML_0030,0.430821,0.718211,1.822055,1.760896,1.069539,0.223893,0.90456,-1.348217,1.54141,-1.335267,1,9.934784
QML_0031,2.141648,0.710786,-1.522199,1.661832,1.207402,1.613441,-1.187832,-0.603127,-0.368087,0.49323,1,10.554961
QML_0032,-0.406415,-1.177881,1.027581,1.151329,0.80144,0.203166,0.061488,1.463683,1.335081,-0.206024,1,6.336644
QML_0033,-0.512243,-1.288243,-1.018316,1.509009,0.89157,-1.382762,-0.171403,0.486577,-1.044206,-1.207527,0,8.65275
QML_0034,-0.813773,-0.374045,0.102472,2.173416,0.830169,0.225117,0.622109,-0.243198,-1.080878,0.500542,0,5.43383
QML_0035,0.615979,0.616747,-0.242619,-0.123963,0.012023,-0.053343,0.310482,-0.832911,0.752747,1.431133,0,2.542666
QML_0036,1.128972,-0.052712,-0.958012,0.691435,0.63406,0.864044,-0.321214,0.735628,-1.504741,-1.629743,1,10.104534
QML_0037,-0.113947,-0.040074,-0.983102,0.074699,0.318128,0.606733,-0.640338,-0.719129,0.572766,1.022325,0,4.937727
QML_0038,-0.840156,0.02287,0.276414,1.755185,0.867565,-2.985823,-0.147355,-1.01289,0.101313,-2.537068,1,7.150922
QML_0039,-0.824481,0.071997,0.995539,-0.343202,-0.668603,0.545242,0.167147,-1.036455,1.071853,-0.400287,0,2.432073
QML_0040,0.650593,1.676924,-0.129736,1.598634,1.493856,-1.003479,0.747623,0.68779,-0.059444,1.840516,1,1.652229
QML_0041,0.743254,1.494224,0.070113,1.496773,0.846103,-1.421729,0.546202,0.428431,0.056049,-0.328324,0,2.611449
QML_0042,0.543154,-0.552363,0.571174,2.309431,0.597278,-0.188473,-0.050826,-1.290582,0.509265,0.089938,1,7.833224
QML_0043,-0.66551,1.065018,-0.971619,-1.255397,-0.967123,0.410971,-0.654242,-1.154872,-0.66265,0.762866,0,0.341855
QML_0044,0.232161,-0.323641,0.739693,1.048098,0.88327,-1.640735,0.32271,0.401541,-0.706206,-1.716474,1,5.044248
QML_0045,0.116686,0.952319,0.819343,1.284597,0.862653,0.704576,-0.159797,0.213348,0.474429,0.072095,1,6.616898
QML_0046,0.218689,0.178067,2.603626,2.181392,0.814948,0.763339,1.938012,0.557997,-0.029288,0.064213,1,13.405506
QML_0047,0.871429,0.128959,-0.376104,2.034512,0.884456,0.046976,-0.533343,-0.965883,-0.407314,1.862321,1,7.463767
QML_0048,0.223596,-1.413565,-0.458082,0.367629,0.403109,-0.867624,-0.939806,0.679764,-0.082784,-1.235741,1,8.216442
QML_0049,0.678914,0.227573,0.768966,0.395766,-0.203857,-0.979378,-0.42316,1.308289,1.59456,-0.381539,0,5.474411
QML_0050,0.067579,-1.288307,0.819104,-1.663544,-0.525483,1.025932,-0.443099,0.303151,-0.443018,-0.928356,1,7.061007
QML_0051,0.289119,0.98122,-0.535087,2.374814,0.656997,-1.511223,-0.615988,-0.91161,-0.47202,-1.034412,1,5.712194
QML_0052,0.631288,1.636482,-0.403163,-1.224913,-0.795621,1.06447,-0.337526,0.538632,-1.707444,1.127403,0,0.632093
QML_0053,-1.457156,-1.47881,0.541131,1.123681,0.557173,-0.165199,-0.190154,-0.470755,-0.042353,0.026652,0,5.09379
QML_0054,-0.319671,0.080856,-0.827584,1.478975,0.878037,-0.095834,-0.156328,-1.352137,0.656884,-0.555567,0,6.271132
QML_0055,-0.470373,-0.875288,-0.410534,-0.293922,-0.457788,-1.708088,-0.329979,-0.592984,0.836198,-0.517846,1,4.064386
QML_0056,-0.638878,-0.885595,0.089593,-1.444031,-0.624545,-0.146717,0.43769,1.216755,0.108218,-0.563227,0,0.050893
QML_0057,-0.275142,0.506992,0.995939,-1.555198,-1.146332,0.613586,0.578265,-0.266582,0.955834,-0.473803,0,1.681646
QML_0058,1.494941,0.78946,-0.604599,1.78248,1.167199,-1.33641,-0.934845,1.093996,0.73123,-1.264445,1,6.658994
QML_0059,-0.865831,1.002494,-1.842384,0.053782,-0.108849,0.498636,-1.215493,0.025978,1.11295,-0.25873,0,4.77788
QML_0060,0.968278,0.122655,-1.916597,-2.049315,-1.000833,0.089012,-2.162357,0.050934,0.984303,-0.359207,1,12.540078
QML_0061,-1.68287,-0.076142,-1.259413,1.085097,0.822961,-0.643756,-0.530954,-1.484351,1.569978,-0.757797,0,5.034322
QML_0062,-0.334885,-0.101385,-1.313168,-1.249145,-0.627753,0.854673,-1.528364,0.411312,-0.169693,0.155046,0,7.216459
QML_0063,0.162753,0.765925,-0.154611,1.881974,0.479511,-2.202257,0.488624,-1.176558,-1.327058,0.239889,1,7.322767
QML_0064,0.586222,-0.057662,-1.18888,-0.952141,-1.143575,0.346681,-1.052212,-0.063755,0.663719,-0.556647,0,7.156023
QML_0065,0.711227,0.34905,-0.702755,-1.498646,-1.484225,1.619435,0.198718,-0.719049,0.780553,-0.144134,0,2.199342
QML_0066,0.793347,0.338167,-0.774086,-2.075708,-1.147093,1.439943,-1.271565,-0.322851,1.569995,2.158624,0,2.047394
QML_0067,-0.348725,-0.902447,-0.440508,0.057656,-0.145276,0.389807,-0.748906,0.111232,1.28129,2.120433,1,4.466515
QML_0068,-0.462352,0.308476,1.322504,-0.246312,-0.647449,-0.301681,1.173361,-1.456608,1.945472,-1.05409,1,3.78178
QML_0069,0.857976,1.024598,0.661948,1.256561,0.767496,-0.635803,1.224186,-0.646249,0.619854,-0.914448,1,6.34314
QML_0070,-0.191304,0.399304,0.016129,-0.176987,-0.679743,-0.302926,1.094586,1.468836,0.228811,-1.059403,0,-0.909004
QML_0071,-1.275686,0.604793,-0.461026,-0.78092,-0.95843,0.543807,-0.29583,-1.327803,-1.384983,1.057054,0,-1.333366
QML_0072,-1.133287,0.608635,-0.433233,-1.191725,-0.628904,-0.807244,0.891272,-0.54182,0.308097,-0.398529,0,-2.488127
QML_0073,-0.919452,-0.824402,0.327746,-1.109266,-0.794475,0.757424,0.041141,-0.535736,-0.552503,0.239674,0,1.621393
QML_0074,0.497161,0.590533,0.584169,2.13924,0.889607,2.133161,1.123117,-0.361842,0.21151,1.996967,1,4.261417
QML_0075,0.142426,-0.451726,-0.907618,-1.674607,-1.245311,-0.061883,-1.24775,0.554343,0.054513,-0.010465,0,6.339333
QML_0076,0.690485,0.399619,0.036481,2.440882,0.26074,-1.344395,0.298667,-0.756769,0.471734,0.706249,1,8.119292
QML_0077,-0.427253,-0.744776,-2.03162,-0.865403,-1.046145,-1.344745,-2.944234,-0.119192,-0.097331,0.520421,1,12.013674
QML_0078,0.15854,1.464257,0.211714,-2.058049,-0.894425,0.776566,-0.580835,0.434591,0.93502,-0.588217,0,2.361649
QML_0079,0.62559,0.653218,0.762149,-1.256548,-0.733985,-0.059746,0.836844,-0.533034,-2.723154,1.059162,0,2.311495
QML_0080,-0.309347,-0.355465,-0.280069,-2.207928,-0.578213,0.876831,-1.049133,1.346318,0.189994,-0.849701,1,8.040494
QML_0081,0.456775,1.265802,1.816527,1.450149,1.150384,-0.533634,1.549086,1.439018,1.20249,1.33988,0,5.745697
QML_0082,-0.661926,-2.209082,-0.881238,0.062765,-0.121666,0.830624,-0.027669,-1.140979,1.870049,-0.587451,0,5.653897
QML_0083,-0.363054,-1.911667,0.21744,-0.815067,-0.721634,-0.158299,-0.17365,-0.46854,0.731961,-0.477968,1,6.290586
QML_0084,-0.381738,0.466507,-0.035825,0.810248,0.644123,-0.732504,-0.654897,-0.876084,1.684883,-1.088488,1,5.880532
QML_0085,-1.19584,-0.606314,-0.100298,0.653233,0.557459,-0.400998,-0.37843,-0.939631,0.168936,-0.924259,1,4.762854
QML_0086,0.486972,0.480714,-0.114322,2.19936,1.318155,-1.197054,-0.707804,-0.02706,0.002863,-0.426764,1,7.225737
QML_0087,-0.469402,-1.385608,0.107105,2.306303,0.300991,1.98936,0.009185,0.191481,0.529416,-2.431349,1,4.549693
QML_0088,0.012494,-0.012877,0.847959,0.903419,0.726778,-0.096382,0.65993,-0.223044,-0.003194,-0.233332,1,7.725947
QML_0089,0.480747,1.967394,1.377736,1.58908,1.30277,0.644514,0.765509,-0.682335,-0.782357,-0.507974,1,4.959747
QML_0090,0.446531,0.946162,-0.00225,1.462126,0.627628,-0.536869,1.086758,-0.664135,-0.51524,0.790011,0,6.104804
QML_0091,0.665385,0.510212,0.815316,-0.043482,-0.204405,-1.051928,0.103109,1.476384,-1.112153,0.422981,1,1.360192
QML_0092,-0.098485,-0.427363,-0.701767,1.022291,0.721045,-0.233881,0.413195,1.271032,0.528377,-0.707637,0,6.288711
QML_0093,-0.423298,-0.568201,0.765955,-2.108705,-0.914604,1.101193,-0.140637,-1.272303,0.011392,-0.458551,0,1.19081
QML_0094,-0.079718,-1.853663,-0.761992,1.290105,0.561875,-0.520732,-0.486089,0.469652,-0.360286,-0.234618,1,10.159319
QML_0095,-1.687334,-0.70904,1.09066,2.309165,0.888389,-0.870532,1.53248,-0.129367,-0.566684,1.485957,0,3.528183
QML_0096,-1.447112,-0.077251,2.210641,-2.075126,-0.708927,0.155464,2.282831,0.566442,0.505056,-0.822305,0,4.669039
QML_0097,-1.3227,-2.066761,-0.122084,1.680579,1.121074,0.499023,-0.358626,0.290882,0.780448,-0.719761,1,5.471562
QML_0098,-0.997247,-1.11069,-2.192543,2.1649,0.611057,1.642848,-1.173985,1.167757,-1.130514,-1.128584,1,14.906242
QML_0099,0.399774,-0.763969,-0.548073,-1.369056,-0.958092,0.35375,-0.109885,-1.299035,-1.287685,-1.482039,0,4.145113
QML_0100,-0.905479,-1.318562,1.231875,0.124056,-0.101122,0.643993,0.511352,-0.451206,0.95451,0.307004,1,6.254655
QML_0101,-0.378163,-0.16253,0.553077,2.139291,0.759563,0.719275,0.787521,1.456482,-1.375133,0.202903,1,6.954519
QML_0102,1.299228,-1.057166,0.248914,2.30113,1.283319,-1.153015,1.384859,-0.953144,0.547487,1.282762,1,10.112985
QML_0103,-0.356264,0.326185,1.008668,-1.860588,-0.93438,-0.963332,1.012673,-1.118,1.616909,1.041409,0,1.199456
QML_0104,0.737516,1.04641,0.484453,-0.754979,-0.982155,-1.083896,0.707249,0.686916,1.619235,2.397117,0,1.71155
QML_0105,-0.933618,-0.726927,1.217725,0.990723,0.881506,-1.332146,1.289308,0.832305,0.737873,-0.073873,0,7.313414
QML_0106,-0.205438,-2.221593,0.919424,-1.392208,-1.322044,0.79546,-0.306038,0.516821,0.70881,-0.26053,1,9.135252
QML_0107,-0.950022,-1.369468,1.5217,-0.876147,-1.068031,0.29005,1.364336,0.828587,2.251907,-1.300226,1,1.575904
QML_0108,-0.339033,0.861498,0.358796,-2.383545,-0.947786,0.079496,-0.409736,0.581165,-2.334396,0.696578,0,1.310877
QML_0109,0.840308,-1.899126,0.905259,-1.732392,-1.098049,-2.592717,0.250255,-1.092688,-0.464336,0.118534,1,12.221063
QML_0110,-1.72732,-1.245421,-0.307127,0.311647,0.540869,2.055477,1.190273,0.324666,0.848492,0.651266,0,2.329711
QML_0111,0.434424,-0.764068,-0.601461,0.76545,0.837461,-0.894272,-0.585643,0.83063,-0.337287,-1.139124,1,7.112732
QML_0112,0.237736,0.814639,1.706768,0.744559,0.808397,2.051813,0.713624,1.09655,1.239778,0.351604,1,10.043275
QML_0113,-0.59415,-0.900629,0.216205,1.391802,0.709292,-1.449241,0.900522,-0.761294,-0.039354,0.2052,1,7.008739
QML_0114,-1.446058,-0.451971,0.804881,-0.423593,-0.546367,-0.812401,-0.052574,-1.117708,0.131744,0.139035,0,1.434328
QML_0115,0.07213,0.520313,0.12374,-1.132546,-0.837495,-2.202849,-0.204204,0.843271,-0.274675,-0.683266,0,1.225145
QML_0116,-0.529493,1.269571,-0.586516,-2.422096,-0.816086,0.362125,0.401323,-0.730355,-0.522511,1.189325,0,-0.617317
QML_0117,0.232676,-0.044529,0.010983,-1.466851,-1.064194,-1.101257,0.035487,-1.404212,-0.54711,2.050308,0,3.386839
QML_0118,0.021852,0.331656,1.435994,-0.938061,-0.696073,-1.073,-0.009842,0.975641,0.271166,-1.110344,0,5.103103
QML_0119,1.601779,-0.381319,0.55524,-1.608966,-1.086465,-1.372514,0.742261,0.017973,-0.774565,0.720444,0,4.294871
QML_0120,-0.239356,0.880206,-1.711473,-2.399278,-0.619481,0.777355,-1.455734,-0.520101,0.953205,-2.87785,0,5.176028
QML_0121,-1.023497,-1.209356,-0.215244,-1.712762,-0.591758,0.711464,0.850232,-1.465713,0.653226,0.66861,0,-0.603471
QML_0122,0.179276,-0.378039,1.782294,0.830498,0.695303,1.812034,0.853584,-1.394018,1.099416,-1.870155,1,9.69405
QML_0123,0.219997,0.102088,-0.213797,0.647927,0.898369,-0.685707,0.533639,0.87787,-1.128924,-0.524967,1,3.540802
QML_0124,1.359188,-0.580899,-1.800479,2.178418,0.960851,0.218819,-0.106131,-0.030882,-1.699477,-1.313025,1,11.545753
QML_0125,0.835111,0.653766,1.893049,1.490841,0.629995,-1.289335,0.772021,-1.050834,-0.004186,-0.215611,1,11.729015
QML_0126,0.356871,1.018625,0.682393,0.338781,0.056803,-0.335039,0.352086,-0.424483,2.898801,0.838794,1,4.768892
QML_0127,1.463303,1.05381,-0.070013,-1.812218,-1.179398,-0.518845,0.203597,-1.004085,1.266209,-1.857313,1,5.083755
QML_0128,-1.188763,-2.004383,-0.371418,0.320359,0.101199,0.46445,-0.817267,-1.161355,-0.554446,-0.35948,1,8.111929
QML_0129,-0.639752,-0.457101,1.082352,-2.192025,-0.835737,1.017022,0.933338,-0.671077,0.424512,-0.513369,0,3.527472
QML_0130,-0.926576,0.121108,-0.541983,-0.345576,-0.185077,0.991067,-0.525587,0.148526,0.727587,1.581049,0,2.420334
QML_0131,-0.38981,-1.810686,1.148256,-0.548707,-0.207795,-0.842812,0.644486,-0.86998,-1.368388,0.431761,1,6.147942
QML_0132,-1.376686,-1.670728,0.542195,-0.360931,-0.276102,0.998468,0.411347,-0.468987,1.369626,-1.177217,1,4.402685
QML_0133,0.635151,1.094395,0.244682,-1.10087,-1.003022,-0.044085,0.217599,-0.066207,-0.167424,-0.471294,0,1.508757
QML_0134,-0.222223,0.107359,0.145515,0.929152,0.280553,-0.324597,0.208383,-0.239911,-0.090681,1.556104,0,3.95222
QML_0135,-1.470806,-0.458768,-0.174968,1.704722,1.008693,-0.708511,-0.511715,-1.114117,0.023785,0.714365,0,4.174204
QML_0136,-1.015579,1.022002,1.04564,1.342585,0.980515,-0.559936,0.371086,-1.383403,1.14454,-0.918233,1,2.492531
QML_0137,0.313514,0.570702,-0.865343,0.63876,0.641933,1.742314,-0.682822,-1.393624,-0.755182,-0.267071,0,3.306937
QML_0138,0.838127,1.020174,-1.621925,0.191724,0.717112,0.307411,-1.16444,-0.449463,-1.70697,-0.235109,1,8.865425
QML_0139,1.996731,3.402336,0.61444,-2.344579,-0.405123,0.174612,0.144856,0.656406,0.322955,-0.537982,0,3.026095
QML_0140,2.913862,1.42089,0.631238,1.11467,1.094031,-0.262247,0.652428,-1.106234,-2.043658,-1.710212,1,9.596528
QML_0141,0.414409,-0.450275,0.480241,0.224915,-0.017496,2.445979,-0.843426,0.86094,-0.301104,-0.677622,1,7.974398
QML_0142,-0.989538,-0.180619,0.407728,-1.146295,-1.039493,1.30501,-0.189393,0.647023,1.186874,1.389199,0,-0.040569
QML_0143,-2.132046,-0.799483,-0.32054,-0.86079,-0.782069,-0.721062,-0.406331,-1.48817,0.579094,-0.381144,0,1.154544
QML_0144,0.267711,-0.300467,0.787483,2.178034,0.627376,-0.273615,-0.005237,-1.419756,1.042356,-0.103254,1,7.931648
QML_0145,-0.812941,-1.324655,-0.045558,0.621811,0.707624,-0.214245,1.027088,-0.9149,0.620351,0.140526,1,4.036173
QML_0146,-0.415357,1.734921,-0.487114,-0.120438,-0.03092,0.145872,-0.328719,-1.331637,2.410334,2.218141,0,-0.029134
QML_0147,-0.612097,-0.058836,-0.311891,0.604609,0.296363,-0.701226,-0.103424,0.094029,-0.58824,0.008875,1,4.374216
QML_0148,-0.140791,-0.699878,2.02064,-0.431288,-0.118837,0.438817,1.100348,-1.381118,0.398132,1.093945,1,9.71592
QML_0149,1.06598,1.36483,-1.734976,-0.149089,-0.122959,1.452088,-1.22474,0.907938,-0.43812,-0.59818,0,9.763606
QML_0150,0.157049,-0.006397,0.499788,-1.048454,-1.298921,-1.313628,-0.440063,-0.021114,0.956801,-0.259399,0,3.674274
QML_0151,-0.158635,-0.302198,-1.67911,-0.300733,-0.309057,-1.128147,-1.285758,0.683863,-0.061575,0.012553,0,8.959046
QML_0152,-1.035654,-0.091678,-0.108233,0.927961,0.870701,-0.483159,-0.684819,0.752108,1.718845,-0.774133,0,2.649445
QML_0153,-1.674683,-2.019176,-0.433627,-2.30029,-0.502314,-0.436796,-0.483852,0.020292,-0.530816,-0.203718,1,2.875443
QML_0154,-0.486308,0.032264,-2.085028,1.475137,0.911059,1.998466,-3.123466,1.276089,1.407127,0.888051,1,16.329217
QML_0155,-0.053783,1.596431,0.389038,-1.085102,-0.677367,1.001709,-0.460876,1.470722,0.59314,-0.800365,1,0.474805
QML_0156,1.76793,1.368612,-0.380038,0.912799,0.838004,0.944322,0.685526,-0.422356,-0.032461,8.9e-05,1,6.464136
QML_0157,0.130275,-0.248129,-2.099206,0.713627,0.325816,-0.264366,-0.929686,-1.122408,0.542442,0.708734,0,13.230581
QML_0158,0.98274,0.109467,0.839568,0.76314,0.337403,-0.286313,1.445073,-0.410285,0.261264,-0.824466,1,7.684852
QML_0159,-0.499296,-0.623402,1.435006,0.540645,0.795329,-1.451705,1.906523,-0.829938,0.355955,1.095414,1,5.95289
QML_0160,-1.184944,-0.867587,1.490124,2.295509,1.047686,0.78174,1.480529,0.093017,-0.206871,0.072883,1,5.99654
QML_0161,-0.965117,-0.85195,0.358956,0.041721,0.122436,0.491055,-0.043095,-0.364837,-0.701589,-0.165123,1,4.926037
QML_0162,-0.725226,0.37999,0.046058,1.161596,1.291366,1.285997,-0.641972,-0.058652,-0.335071,-2.008148,1,6.33481
QML_0163,2.12847,-0.302569,1.328157,1.027247,1.120031,-0.21083,1.675094,0.789563,-1.683145,-0.373612,1,12.95838
QML_0164,-0.821387,0.280937,1.682384,-1.318662,-0.797475,-0.141779,1.219638,-0.677937,0.841948,0.371592,0,1.617365
QML_0165,0.838489,0.138436,1.133569,-1.083471,-1.111416,0.170046,2.414613,0.112424,-1.235164,1.745345,0,4.198277
QML_0166,-0.902927,-0.176204,-0.941538,-0.379915,0.062016,0.891898,-0.89639,-0.494516,-0.217647,0.567889,0,2.635032
QML_0167,0.931573,-0.445575,0.201345,-1.11151,-0.762294,-1.470216,1.423324,0.854883,0.648045,1.126216,0,2.868617
QML_0168,0.384951,1.341059,0.439516,-0.666285,-0.714529,0.736056,0.205747,0.41861,0.839397,-1.209105,0,1.124828
QML_0169,-0.156638,0.972639,-1.809617,-0.545197,-0.685654,-0.020496,-0.3983,-1.474486,-1.774652,-0.126822,0,4.171536
QML_0170,-0.040763,0.793233,0.469361,0.519323,0.560488,-1.058637,1.431402,0.480154,-0.091848,1.220746,0,1.599299
QML_0171,-0.654788,-1.647675,2.272992,-1.40055,-1.403308,-2.084606,0.926177,-0.989514,0.459745,-0.887734,1,12.921313
QML_0172,0.446072,0.950093,0.639936,1.521459,1.173701,-0.136474,0.132707,0.673421,0.052016,0.965223,1,5.943015
QML_0173,-0.454983,0.093886,1.473413,-0.312318,-0.545658,1.447713,0.359953,0.202016,1.344075,0.733318,0,5.796205
QML_0174,-1.225606,-2.038564,0.182915,1.031221,0.950579,1.674685,-0.671424,-0.295552,-0.821807,0.274724,1,6.46511
QML_0175,-1.277938,-0.723518,-0.073218,-2.092788,-0.997233,0.355376,0.382341,0.582199,-2.049041,-0.328703,0,1.142071
QML_0176,0.172588,0.404778,0.381271,-0.150173,-0.215714,1.962006,0.139082,1.06978,0.810326,-0.986295,1,6.458838
QML_0177,1.579091,1.341164,-0.815827,-2.358902,-0.894417,-0.042941,-0.537041,0.836231,-0.537086,1.775379,0,5.118553
QML_0178,0.159992,0.238668,-0.963775,0.87955,0.730145,0.953304,-0.313087,0.136138,-1.758541,0.631863,0,7.177196
QML_0179,-0.118638,0.182296,1.266305,-0.78145,-0.231964,-0.451231,-0.320888,0.668083,-0.158512,0.340616,1,6.386445
QML_0180,0.285826,1.409774,1.372342,2.246264,1.126679,-0.514599,1.797038,-0.258256,1.230558,-0.41285,0,5.106768
QML_0181,1.306002,1.76043,-0.991106,-0.879379,-0.681723,-0.677509,-0.920686,0.867078,-1.263253,0.037872,0,4.276473
QML_0182,0.219383,-2.316336,0.967999,0.319029,0.307322,-2.060529,1.02366,0.987156,2.335996,0.164717,1,7.024725
QML_0183,-0.410927,-0.495833,-0.08696,-1.213062,-0.725642,1.287092,0.342591,-1.088118,-0.837882,0.399876,0,0.114346
QML_0184,1.106289,0.468505,0.339809,0.600563,0.8476,-0.641632,1.128884,-0.785906,0.087011,0.73434,1,5.901111
QML_0185,0.428756,-1.253468,0.460219,-0.164788,-0.371498,-0.801439,0.253996,-0.690034,-1.219132,-0.782472,1,7.569762
QML_0186,1.535756,0.924721,0.99435,-0.646859,-0.622042,-1.179972,-0.684319,-1.001755,0.04161,-1.466597,1,7.533067
QML_0187,0.183234,1.162223,0.082718,-1.481553,-1.45151,-0.204359,0.095036,-0.322395,-0.133748,0.084281,0,0.5799
QML_0188,-1.224469,-1.597041,1.410162,-1.942393,-0.650973,1.763492,1.117573,-0.9209,-1.489494,-1.747217,0,1.266957
QML_0189,-1.368159,-0.466547,0.309413,-1.900604,-0.429848,2.093779,-0.455681,0.286618,2.825827,-0.323661,0,1.362019
QML_0190,1.650928,0.12956,0.624184,2.4952,0.622331,-1.660867,0.532798,-1.195154,-0.495337,-0.50919,1,11.430149
QML_0191,1.723666,0.376891,-0.833263,-0.438446,-0.955786,-0.354448,-0.817946,-0.690243,-0.494463,0.491748,1,8.158506
QML_0192,-0.179519,1.157049,2.158659,-2.490351,-0.453951,-1.034358,0.638271,0.496562,0.969036,1.982597,0,3.737334
QML_0193,-0.383187,-0.671927,0.469825,2.264644,0.542769,0.988338,0.765343,-0.304365,1.814255,-1.944591,1,5.584147
QML_0194,1.461444,1.196675,0.712997,-2.4001,-0.841227,0.286594,0.132677,-0.235612,1.126437,2.274185,0,4.741033
QML_0195,-1.107046,-2.199411,-1.608186,-0.407069,-0.239276,-0.636569,-1.389877,0.893776,-1.20118,-0.233075,0,7.474494
QML_0196,-0.894727,1.09087,-0.822702,1.087388,0.949054,0.072573,-0.876568,1.453535,0.213909,0.347809,0,4.621739
QML_0197,0.643327,0.866084,1.237884,2.072996,0.754499,-0.477419,1.66958,0.195203,-1.881372,-1.414832,0,4.539305
QML_0198,-0.394605,-0.372158,0.286891,1.064431,0.712112,1.614246,0.174228,-1.262798,0.901705,0.996872,0,4.219773
QML_0199,-0.005122,0.486398,-1.91378,-0.181871,-0.149411,0.54696,-1.288231,-1.191291,-1.635188,0.041473,0,8.389193
QML_0200,-0.163443,-1.28824,1.03829,2.37221,0.593325,0.669823,0.440389,1.405502,-0.803201,-0.061467,1,6.493156
QML_0201,0.337575,1.190817,-0.543783,-2.303403,-1.020743,-2.666917,-0.079785,0.537705,-0.003202,-1.937385,0,0.612625
QML_0202,1.407482,0.498728,1.411317,2.434461,0.566515,-0.066789,1.864979,0.757407,0.445007,0.073797,1,8.055171
QML_0203,0.090585,-0.123637,-0.087836,1.746958,1.069422,2.083211,0.359625,0.527291,-0.260935,0.845828,1,6.424316
QML_0204,0.643939,-0.063741,0.204707,2.14465,0.795289,1.326129,0.589758,-0.961147,1.519084,-0.236279,1,4.307752
QML_0205,-2.050172,-1.621148,1.178955,-1.226138,-1.294568,-1.84709,1.219318,-0.154914,0.72324,1.174199,0,1.406291
QML_0206,-0.048718,0.563675,-0.897493,-1.78771,-0.7293,-0.313426,-1.525403,0.894241,0.644725,1.132895,0,2.867401
QML_0207,-0.84323,-0.246256,-0.992847,0.816576,0.044103,-1.201519,-1.26447,1.099089,-1.229401,-0.641095,0,2.780991
QML_0208,-1.218813,-0.116361,-0.196498,0.079297,-0.032377,1.711102,-0.270791,-0.787993,1.699368,1.595114,0,1.92485
QML_0209,-0.878152,-0.490459,0.827173,0.11584,-0.039469,0.244278,0.107209,0.287885,-0.803065,0.045295,0,3.718603
QML_0210,-0.334123,0.252452,-1.330877,2.123096,0.888365,-0.767796,-1.623563,-1.028694,1.737542,0.049745,0,8.361401
QML_0211,0.915903,0.147725,-1.668035,0.600405,0.705392,0.034158,-2.384538,1.374831,2.022195,0.098981,1,11.590913
QML_0212,-1.326393,1.165756,0.823721,-0.944681,-0.528619,-2.607366,-0.298639,-0.743387,0.512657,0.069316,0,1.995319
QML_0213,0.030631,-1.315894,-0.602978,-0.499667,-0.657235,-1.084961,-0.588826,0.679905,1.032013,-2.630133,1,4.044704
QML_0214,-0.484169,0.805504,-0.392226,-1.832521,-0.8193,0.036444,-0.319685,-0.806661,-3.08292,-0.185506,0,0.532163
QML_0215,-0.327673,0.982501,-1.85681,-1.53843,-0.950522,0.845675,-1.815252,0.348162,-0.195002,-1.363946,0,6.021309
QML_0216,1.002758,-0.172818,-0.678979,-1.78325,-1.405401,-1.941314,-0.423984,0.477793,1.102166,1.626336,0,4.125517
QML_0217,0.538115,2.190846,-0.007567,1.551457,1.474948,-0.381155,-0.287289,-0.514716,0.92451,1.586083,0,2.683516
QML_0218,1.337398,1.581736,0.930378,1.024367,0.494692,1.009686,1.360137,0.956502,-1.219723,0.851938,1,6.286089
QML_0219,-0.154506,0.74049,-0.77123,0.151725,0.256018,-1.451453,-0.644918,1.156113,-0.293722,-0.238467,0,2.324789
QML_0220,-0.695943,-0.35895,1.657376,-0.628161,-0.490168,0.229183,1.612778,1.06521,-2.536366,-1.008015,0,4.918765
QML_0221,-0.223859,-0.307765,-0.684556,0.842471,0.8152,0.065975,-0.3471,-0.507605,0.412993,-0.657581,1,5.371441
QML_0222,0.242497,-0.044624,-0.683092,1.564527,0.876336,1.71438,-1.38951,0.733021,-1.883328,1.942642,1,9.586445
QML_0223,0.176573,0.429066,1.537358,1.906166,1.151102,-0.230136,1.017222,0.178472,1.130478,-0.692197,1,8.771573
QML_0224,-1.084388,0.594595,0.21146,0.235081,-0.15717,-0.171601,-0.655134,0.277885,1.182725,-2.355595,1,-0.230001
QML_0225,0.09049,0.203886,-0.552025,1.599426,0.983133,0.85496,-0.456696,-0.067725,-0.474367,1.030166,1,6.43887
QML_0226,0.228228,-0.649201,-0.155133,0.05653,-0.084469,-1.326349,-0.592928,0.300783,0.521276,1.500503,1,4.677613
QML_0227,2.517474,2.085374,1.353074,-0.12735,-0.29633,-0.220883,1.195427,-1.093038,-0.217099,1.659216,1,6.515472
QML_0228,1.876845,1.815243,1.466203,1.827159,1.074506,-0.455725,0.153812,-0.273458,0.241908,1.038348,1,10.274311
QML_0229,-0.853243,0.087177,-0.816793,-0.56813,-0.268687,-0.138912,-0.562199,-0.966985,-1.147259,1.20152,0,1.975589
QML_0230,-0.287383,0.475613,-0.042434,-0.520437,-0.583073,0.848406,0.342366,-0.659683,0.622493,0.052934,0,-0.608871
QML_0231,-1.463442,-1.035182,0.090157,-0.975443,-0.63278,0.554161,0.653047,-1.116556,-1.641185,-2.076296,0,1.212343
QML_0232,-0.590707,-1.11453,-0.98624,0.093509,0.105808,-0.748682,-1.187077,-0.862513,-1.82993,0.027881,1,8.850295
QML_0233,0.315605,-0.564382,-0.055685,0.22425,-0.000808,0.136699,-0.027441,0.845788,-0.121928,0.621573,1,3.931684
QML_0234,1.205854,-0.726924,0.005323,0.802306,0.654473,1.490442,0.123422,0.149509,-0.211243,-0.13527,1,7.548572
QML_0235,-0.729084,-0.19959,1.140209,-0.347488,-0.415409,-0.831366,1.803779,-1.429071,0.272302,-0.180836,1,4.288464
QML_0236,-0.654146,-0.430712,1.207425,-1.410814,-1.161395,0.145167,-0.117667,0.865573,-0.649507,-0.964118,0,3.430541
QML_0237,-2.147289,-1.554999,-0.329209,1.83421,1.072627,-0.193161,-0.822663,1.228405,1.885692,-1.001739,1,5.858654
QML_0238,-0.162666,-2.601742,-0.213953,-0.769996,-0.637471,-0.063005,1.673133,1.141288,0.160605,1.838149,1,5.73984
QML_0239,-1.062414,-1.644548,0.664292,2.114717,0.458024,-1.630658,0.287491,0.969051,0.232882,1.874346,1,4.799432
QML_0240,-0.529439,0.661523,-0.585188,-1.463233,-1.407102,1.410763,-1.638778,1.476649,0.197234,-0.002647,1,3.057903
QML_0241,-0.876861,-1.047206,0.58864,0.300287,0.401966,-0.774352,0.033391,0.259206,1.00291,0.281524,1,5.078278
QML_0242,-0.094263,0.254659,-0.087906,0.183075,-0.021767,1.026072,-1.861302,1.387763,0.576017,-0.980858,1,5.498068
QML_0243,-1.757728,-2.148833,-0.969399,1.643239,1.072887,-0.621377,-0.521981,1.346533,0.442018,0.642575,1,7.732476
QML_0244,-1.467045,0.416025,-0.956837,-1.805743,-0.777294,-0.625505,-0.143426,-0.560284,0.735984,1.759649,0,0.638112
QML_0245,2.129247,1.048662,1.447059,2.049686,0.569769,1.213123,0.420361,1.090301,-1.824615,-1.529231,1,11.663624
QML_0246,-1.287423,-0.461548,-0.156421,0.157141,-0.196389,0.993885,-0.415466,0.877418,-1.786848,0.463883,0,4.480648
QML_0247,-1.096786,1.373681,1.640354,0.430547,0.835976,0.208666,1.748623,0.827396,-0.076059,0.539022,0,5.101418
QML_0248,1.836914,2.299277,-0.513636,0.050831,0.138702,0.761151,-1.497185,1.188842,-0.197674,0.527607,1,6.91576
QML_0249,2.905067,1.337206,0.291205,-2.319875,-0.837126,-0.288553,-0.655178,-0.34743,0.57981,1.642818,0,8.385081
QML_0250,-1.171567,-1.148599,2.392677,-0.014547,-0.248031,-0.008368,1.526599,-0.299835,0.020017,2.036018,1,9.381208
QML_0251,-0.368249,-0.47925,-1.057387,-1.182252,-1.053072,-0.661624,-1.229188,0.420157,0.581865,-0.233484,0,4.754755
QML_0252,0.341556,0.621269,-1.897814,-0.786559,-1.00557,0.904065,-1.519484,0.713414,-1.245595,0.673174,0,7.869188
QML_0253,1.728698,0.861343,1.28659,0.745508,0.899198,-0.693413,0.079175,1.139211,-0.010745,0.084234,1,9.022641
QML_0254,-0.986857,-0.878729,-0.826809,-0.011514,-0.205702,1.485156,-0.439463,1.127536,-1.341057,-0.632115,0,6.458868
QML_0255,-0.245278,1.112201,-0.020706,-2.033909,-0.621283,-0.315834,-0.111496,0.664019,0.386858,0.270814,0,2.00957
QML_0256,0.777338,0.330457,-0.585918,-2.134794,-0.945282,0.020509,-0.053169,1.370678,-1.878285,0.6715,0,2.155326
QML_0257,0.434766,2.193772,0.268163,-1.571712,-1.260837,0.758728,0.317974,-0.964114,0.34831,0.216929,0,-1.666716
QML_0258,-0.376156,-0.129755,-0.950536,-1.545574,-1.106257,0.023864,-0.531027,1.35102,-1.468999,-0.881181,0,4.840288
QML_0259,-0.133823,1.443918,-0.17994,0.541504,-0.140616,-0.297908,-1.066058,-1.307426,-0.383528,-0.463561,0,3.478273
QML_0260,-1.374896,-0.452471,0.449815,-1.610928,-1.029387,-0.030023,0.635055,0.166866,0.894928,-0.455907,0,-0.590204
QML_0261,-0.238174,0.687521,-1.008309,1.908597,0.900956,0.893818,-0.920879,-1.229409,0.22738,-0.842444,0,4.159409
QML_0262,-0.266387,-0.762433,-0.700084,-1.451197,-0.786671,-0.662852,-0.598348,0.204003,-1.64566,0.31354,0,2.850133
QML_0263,0.23217,-0.598002,-0.347383,-2.044343,-1.361533,-0.126237,0.438204,-0.329671,-0.672394,0.418112,0,1.586263
QML_0264,-0.555327,0.08532,-1.428815,1.87873,1.243428,0.010287,-1.467804,-1.255172,-1.501379,0.979518,1,7.798442
QML_0265,0.471539,1.099616,-0.422561,-1.023362,-0.648713,0.864585,0.582477,0.44435,-1.694758,-0.857622,0,0.751635
QML_0266,1.012716,0.591212,0.118797,-0.372887,-0.051295,-0.099845,1.022067,0.693594,0.117663,-0.577479,0,3.785751
QML_0267,0.155429,-1.007948,-0.399549,2.295132,0.73576,1.808299,0.209626,-0.977444,0.560298,1.554569,1,4.487505
QML_0268,0.351756,-0.962754,-0.271376,2.221846,1.048922,-0.156539,-0.827367,0.58331,0.440606,-0.164496,1,7.941839
QML_0269,0.053155,-1.183831,-0.019902,1.074584,0.511581,-0.237684,-1.435022,-0.962857,0.602627,0.030131,1,8.617756
QML_0270,8.4e-05,-1.502432,-0.655743,-2.155305,-0.655721,-0.171032,0.242222,-1.087811,-0.011911,-0.175104,0,5.436173
QML_0271,-0.721558,-0.303794,0.691063,0.466701,0.257152,-1.316641,0.556144,-1.05791,-0.27339,1.133031,1,4.800981
QML_0272,0.316494,1.130359,1.435978,2.44539,0.228458,-1.036727,0.520806,0.297235,-1.073069,1.171809,1,4.900168
QML_0273,-0.097287,-0.064911,-0.46438,2.234581,0.506631,-0.530667,0.437749,0.836372,-0.44008,1.113208,1,4.825973
QML_0274,2.093168,-0.77011,0.485198,-1.969988,-0.919993,1.13583,-0.220375,0.290681,-1.321348,0.026568,1,10.297378
QML_0275,1.573355,0.703199,-0.239617,-0.520163,-0.703097,-0.033126,-0.443433,0.928054,-0.845166,-0.872436,1,6.035015
QML_0276,0.385847,0.073836,0.365487,-0.922316,-0.702984,-0.484644,0.59702,0.274432,0.088927,1.925213,1,2.098219
QML_0277,-0.763057,1.361917,1.56578,-1.851359,-1.412959,1.226535,0.372204,0.891964,-0.117806,0.856309,0,2.571744
QML_0278,-1.112411,-1.850394,0.50866,0.973992,0.295361,1.551177,0.284899,1.429568,3.064728,-0.456659,1,6.189024
QML_0279,1.191143,0.323053,-1.773415,-1.130758,-0.561639,1.255382,-0.533451,-0.327121,-1.345796,1.423819,0,8.74617
QML_0280,0.262749,1.594487,0.453996,-0.775671,-0.474245,-0.85309,0.455019,-1.050173,-0.125099,-0.535609,0,1.170632
QML_0281,0.480143,0.64656,1.232864,-2.048206,-1.150512,-0.495249,1.673832,-1.09381,-1.423732,1.410703,1,2.566965
QML_0282,-1.744586,-0.480706,-0.221596,-0.010162,-0.010912,1.813736,0.581724,0.292433,-0.387786,1.478285,0,0.176466
QML_0283,0.927438,0.607488,0.995635,-1.709161,-0.735566,0.24114,0.701974,0.141309,-0.347093,-0.921483,0,3.607327
QML_0284,0.45442,0.530383,-0.690116,-0.339548,-0.228261,-0.267627,-2.001963,-0.947294,0.84488,0.581758,1,7.440333
QML_0285,-1.110431,0.050231,-1.485539,-1.783289,-0.940453,0.718348,-1.758629,1.146315,-0.449667,0.782191,0,6.551159
QML_0286,-0.471525,-0.947402,0.141169,2.269249,1.039626,1.007299,0.594985,1.370245,-0.19132,2.614909,1,5.800337
QML_0287,0.263717,0.891394,-1.756477,-1.775087,-1.161883,-0.57145,-2.237197,-0.740353,-0.430318,-0.742301,0,7.593743
QML_0288,0.052467,-1.138196,-0.239771,0.109436,0.117012,0.21944,-0.38019,-0.879351,-1.401052,1.432543,0,5.777049
QML_0289,-0.292171,0.118419,1.286842,-1.515101,-1.002912,0.92656,1.120802,-0.858234,-0.652102,0.017346,0,2.736422
QML_0290,-0.103488,0.095011,-1.909763,-2.118191,-0.922074,-1.160287,-0.381613,-0.337735,-0.381937,-1.241364,0,8.131231
QML_0291,-0.251977,-0.662437,-1.279497,-1.488457,-1.094063,0.012345,-1.269411,1.059682,0.073826,-0.119987,0,6.267172
QML_0292,0.152563,0.064627,-1.032032,-2.226129,-0.774628,-1.11439,-1.14069,0.287882,0.558947,0.002465,0,5.586669
QML_0293,1.471492,0.280161,-0.06332,-1.803013,-0.964557,-0.98358,-0.078414,-1.29734,-0.234597,-1.05889,1,5.83129
QML_0294,-2.566658,-2.322608,-0.365717,-0.032579,-0.29468,-0.5631,-0.027908,-0.081063,-0.252176,0.312174,0,3.841939
QML_0295,-0.23685,-0.43084,1.399136,0.759078,0.888702,0.47712,0.879135,-1.229005,-1.720813,0.957809,1,6.709496
QML_0296,0.176512,-0.841309,0.954348,-2.063301,-1.125248,-0.322023,1.350068,-0.281358,0.539735,0.238201,1,3.323745
QML_0297,0.295994,0.437175,0.495273,-0.294907,-0.345209,-0.648418,-0.172752,-0.28944,-0.695898,-0.541844,1,3.869786
QML_0298,-0.371915,-1.182126,0.14563,0.406235,0.321334,0.051555,0.180046,0.445058,0.747123,-0.148472,1,7.094073
QML_0299,-1.756722,-0.361017,0.39323,-1.328872,-0.881353,-1.146963,0.564649,0.148362,1.31644,-0.004543,0,-2.002541
QML_0300,0.327995,-0.82386,-0.861982,-0.639608,-1.126657,0.428803,-0.863539,1.124264,-0.187915,0.217322,1,8.405072
QML_0301,1.72735,0.468692,0.85721,-2.140826,-0.619158,1.131387,1.145859,-1.451174,-1.023311,1.109831,0,3.00716
QML_0302,-1.533861,-1.374537,-1.112044,-1.399345,-1.154586,-0.079204,-0.681608,0.821996,-0.016699,0.27194,0,2.443772
QML_0303,0.863828,1.60148,0.835377,-0.166235,0.13952,-0.202649,1.097514,-1.432025,0.348702,-1.402697,1,4.107196
QML_0304,-0.328525,0.100058,1.186143,2.452211,0.516519,0.37344,0.956467,-0.587131,-0.31552,-0.562321,0,4.124695
QML_0305,-0.061324,-0.213702,0.210865,2.481325,0.601117,-2.028469,0.392268,1.138989,-0.564038,0.166021,1,3.424684
QML_0306,-1.052899,-0.155183,-0.176213,2.398108,1.155303,0.536817,-0.534404,0.571243,0.563532,1.124124,1,4.416381
QML_0307,-0.334456,-1.975064,0.40031,-0.384568,-0.444493,3.101886,-0.129785,-0.98401,0.497578,1.297846,0,1.728019
QML_0308,1.300045,0.678361,-2.861518,-2.096598,-0.555209,-0.122676,-1.207205,-0.027646,-0.34629,1.774685,0,16.68952
QML_0309,0.582655,2.018347,0.302258,-0.882133,-0.762335,-0.119125,0.624663,0.665713,-1.654066,0.130614,0,-0.489903
QML_0310,1.732312,1.065266,-0.113354,-1.311428,-0.862698,0.743607,-0.744275,1.31203,0.456378,0.763309,1,6.529224
QML_0311,1.177412,0.705303,-0.050628,-2.429367,-0.63603,1.645333,0.082122,0.402964,-0.767327,-1.454462,1,7.115443
QML_0312,0.439087,0.707407,0.706533,-2.023832,-0.68716,0.974968,-1.048382,-1.425974,0.214341,0.429882,0,1.902509
QML_0313,1.743935,1.720428,-0.074769,-0.23404,-0.403292,-2.155607,-0.425399,-0.000894,0.151157,-1.075264,1,5.673183
QML_0314,0.438993,-1.4564,-1.140207,-0.801688,-0.964543,0.563399,-0.173477,-1.041115,-1.888947,-0.062539,1,7.361787
QML_0315,0.827988,-0.974584,-0.141403,-1.598231,-1.159268,2.57193,-0.180327,-1.356661,0.081082,3.029838,0,1.961377
QML_0316,-0.296571,0.015634,0.067555,1.0805,0.907121,0.622441,0.123932,0.295532,0.514533,0.303554,1,4.817689
QML_0317,0.066546,-0.571045,0.114934,-0.714422,-0.710386,-1.154602,-1.880194,0.830766,0.637152,-0.863813,1,3.550261
QML_0318,-0.697424,0.731638,0.161919,1.759339,1.159847,0.28183,-0.141621,-1.391818,0.117366,0.407789,1,3.181241
QML_0319,0.989584,0.276373,1.039369,-1.295114,-0.636057,-1.280687,0.947435,0.850768,-1.977186,-0.517075,0,3.131991
QML_0320,-1.178304,-2.292418,-1.086035,0.191967,-0.053169,1.232804,-0.457786,0.619164,1.277081,-0.960744,1,7.281409
QML_0321,0.78235,-0.647519,0.1757,-1.579304,-1.183451,-0.955883,0.748522,0.755961,0.411023,2.10314,0,4.698245
QML_0322,-0.190651,-2.442083,1.28993,-0.023497,-0.382555,0.074244,0.766283,-0.765815,-1.203319,1.066812,1,9.136759
QML_0323,1.171247,0.445179,-1.734611,-1.737667,-0.478516,-0.85778,-1.321904,-0.319214,-0.787763,0.345537,0,9.530485
QML_0324,0.750869,0.252851,0.179647,-1.692107,-0.916484,-0.546448,-0.740124,-1.140748,0.231224,-0.391823,0,6.398632
QML_0325,1.820646,0.640562,-0.585379,0.561117,0.652083,1.486151,-0.542704,-0.783327,0.679784,-0.310789,1,5.514479
QML_0326,0.730775,1.318973,-0.37071,-1.18107,-1.260065,0.103457,-1.079521,-0.591631,-0.487963,1.542482,0,4.392704
QML_0327,-1.57204,0.15412,-0.904808,-1.638164,-0.998024,-0.559202,-1.834481,-0.54169,0.825525,0.306578,0,0.617173
QML_0328,-0.066953,-0.181654,-0.169551,2.148841,0.964844,-1.145228,-0.824052,-0.97488,-1.792767,-3.082805,1,7.904171
QML_0329,-1.172007,-2.459094,1.841256,-2.284984,-0.818815,-1.871701,2.269524,-0.933865,-1.042459,2.420939,1,7.946181
QML_0330,-0.51828,0.239635,-1.26443,0.325741,0.588937,-1.251281,-1.060966,1.204411,-2.064364,0.183062,0,3.526341
QML_0331,1.511228,1.303232,-1.16961,0.241319,0.816942,0.111959,-0.675807,0.851681,-0.897405,0.343369,0,9.80897
QML_0332,0.637534,0.613626,-1.301935,-1.246956,-1.184786,0.980234,-1.245127,-0.466567,1.508077,1.086695,0,7.839567
QML_0333,-0.69893,0.449846,1.727418,-0.236141,-0.489475,-0.560351,0.045335,1.342931,2.057802,0.465403,0,4.376073
QML_0334,-1.013717,-1.547648,-0.46234,-2.061311,-1.101529,1.570544,0.284836,-0.783232,0.23459,0.746909,0,1.733892
QML_0335,0.032782,1.725472,-0.025639,1.106351,1.29562,-0.7175,-1.429876,-0.279539,-0.638429,-0.423723,1,4.494666
QML_0336,-1.21656,-1.484622,-0.402783,-1.391514,-0.723383,-0.238012,-0.642563,0.940576,-0.22164,-1.229795,0,4.477075
QML_0337,-0.67114,0.267712,-0.944423,-1.533073,-1.033171,-1.079577,-0.696596,-0.171341,0.47334,0.280233,0,-0.054573
QML_0338,0.312009,-1.26264,-0.235151,-0.925608,-0.789846,0.990762,-0.014787,-0.796124,-1.562981,1.431615,1,4.925238
QML_0339,1.155312,-0.155303,2.458244,2.01185,0.700167,2.097511,1.248565,-0.394394,-0.572499,-0.647803,1,14.008189
QML_0340,0.608761,1.623732,1.392071,1.482333,1.218596,-1.761817,-0.220225,0.002163,1.434893,-0.728024,1,4.731923
QML_0341,-2.29129,-1.481974,-0.852938,2.234461,0.692764,-0.346162,-1.117767,0.361933,-1.04571,1.221019,0,4.220322
QML_0342,0.304367,0.881336,0.647574,0.759812,0.623766,1.26478,-0.033391,-0.283181,-0.749025,-0.457245,1,6.847706
QML_0343,0.072034,0.241031,-0.831523,0.814608,0.879654,-1.446946,-1.084577,-0.206087,0.013194,-0.41056,1,6.599927
QML_0344,0.41389,0.138425,-1.776368,-0.099845,-0.146678,0.566684,-0.612919,-0.708169,0.283142,-0.373144,0,9.946899
QML_0345,1.61621,2.048188,1.019511,2.025932,0.83946,1.221472,-0.075184,0.106042,-0.625004,-0.064981,1,8.939105
QML_0346,-2.063238,-1.335941,1.160093,0.054386,0.057003,0.078229,1.007702,-0.841631,0.076964,-1.573638,0,2.586413
QML_0347,-0.591103,-1.838734,1.046052,-0.7247,-0.464072,0.550263,0.83513,1.102579,0.60794,-0.53934,1,6.03451
QML_0348,0.590906,-0.357756,-0.469865,0.701875,1.057274,1.760902,0.29539,0.742101,1.961452,0.230368,1,6.541508
QML_0349,-1.581594,-0.401364,-0.166776,0.230697,0.375028,1.948427,-0.203279,-0.269163,-0.126244,0.223238,0,0.39567
QML_0350,1.475949,1.147955,0.749766,-1.879901,-0.751778,-0.061967,1.039071,0.741684,-0.041297,1.157993,0,4.540015
QML_0351,0.368357,-1.129403,0.391496,-0.536373,-0.560985,-0.532378,0.162104,-1.479012,1.527452,1.839392,1,6.702188
QML_0352,0.846584,-0.15007,-0.393637,-0.933373,-0.980581,-0.91998,0.006809,-0.466532,-0.549166,1.512483,1,5.761425
QML_0353,-0.570944,-0.808482,-1.619072,1.734169,1.150181,0.976964,-2.110262,-0.179097,-1.324353,0.914652,1,11.343377
QML_0354,0.813764,0.136921,0.113875,-0.605787,-0.526599,-1.371776,-1.635168,-0.090604,0.250249,-0.148735,1,8.693598
QML_0355,1.068472,-0.581867,1.07901,1.607776,0.643659,-0.252574,1.000712,0.746194,1.076175,-0.623069,1,9.107306
QML_0356,0.232878,-0.406033,-1.197588,-0.288052,-0.366102,0.10269,-0.558043,1.388422,0.361047,0.017878,0,9.16383
QML_0357,0.234401,-0.490398,0.638759,1.267503,0.933634,-0.503003,0.756208,-0.360009,-0.097016,0.585579,1,7.261518
QML_0358,0.270343,0.804492,0.331542,-1.82359,-1.095832,0.27982,-0.109127,-0.4482,-1.448393,0.821938,1,3.62725
QML_0359,-0.863345,0.212913,0.750148,2.123251,1.221673,2.564513,1.493423,0.331546,-0.058369,0.623086,0,2.262494
QML_0360,-0.147529,-0.20508,0.871975,-0.097201,0.022912,-0.121599,0.311462,-0.656239,1.233155,-0.121175,1,4.913168
QML_0361,-0.152523,-0.417121,-0.694465,-1.201009,-0.58911,-0.435406,-0.212554,-1.075949,-1.234117,0.786862,0,3.582592
QML_0362,0.383394,0.329802,-1.616959,-1.292552,-0.895683,1.015332,-0.745358,1.384623,-0.244747,1.260873,0,8.623045
QML_0363,0.999824,-0.144186,-0.53352,-1.174614,-0.902194,0.239584,0.743717,0.92859,-0.387485,0.88016,0,6.149347
QML_0364,-1.058536,-1.557002,0.889127,-0.666379,-0.852293,1.439336,0.41632,1.375499,-0.697705,-0.032013,1,6.39526
QML_0365,-0.125009,-0.867943,-0.542004,1.087598,0.888496,0.164688,-0.803978,-0.846501,0.247923,-0.833849,1,9.09256
QML_0366,1.481456,0.275209,-0.694043,2.248015,0.782582,-0.248423,-1.459625,-1.446572,0.443305,-0.857567,1,9.834221
QML_0367,-0.743588,-1.397926,-1.82135,0.845187,0.406317,-1.783725,-0.265907,-0.188215,0.432827,-0.681218,0,10.253956
QML_0368,-0.82225,-0.314487,1.752648,0.235831,0.09877,-1.619735,1.50077,1.300827,-0.97681,0.257075,0,3.765418
QML_0369,0.202306,0.731527,0.825714,-0.257011,-0.335011,-1.835699,0.872489,-1.085024,-1.645984,0.519804,1,5.132876
QML_0370,0.844385,-0.884622,0.769896,1.640972,1.100909,0.379339,2.564785,-1.148443,0.262388,-1.414532,1,6.897188
QML_0371,0.011426,0.027644,0.967725,1.748286,1.099628,-1.362249,0.888687,-1.293142,-0.505919,-0.503995,1,7.099214
QML_0372,1.328961,0.543983,0.576708,-1.034812,-1.005096,1.255577,-0.442813,0.795054,1.838312,0.243285,1,7.846449
QML_0373,0.856794,0.761519,-0.244329,2.267101,0.884435,0.030247,-0.298368,0.85778,1.88451,-0.89968,1,6.01089
QML_0374,0.84182,0.452003,-0.163764,-0.524423,-0.546234,-0.244187,-0.748243,0.586128,1.99069,0.433904,1,6.421032
QML_0375,0.554117,-0.930795,-0.427564,1.50039,0.280118,-0.843855,-0.55661,-1.340124,-0.940111,-0.307428,1,10.519366
QML_0376,2.327653,0.207178,2.634741,2.334099,0.601381,0.622259,1.582635,0.669865,0.569369,-0.72342,1,19.588389
QML_0377,-0.205162,-0.087829,0.555912,1.018291,1.120959,-0.804498,0.007573,-0.154114,0.870953,0.053205,1,6.424939
QML_0378,-2.003522,-0.227473,-0.4638,-1.692246,-1.413085,-0.985378,-1.230294,-1.026317,0.758354,0.39228,0,-0.257588
QML_0379,1.604254,-0.999719,0.465497,0.430685,0.445666,1.18835,1.360974,-0.614622,-0.354398,-0.848529,1,8.577743
QML_0380,-0.457699,0.042133,-1.010869,-1.906114,-0.54799,0.354621,-0.513357,0.003441,1.279165,-0.242612,0,5.337443
QML_0381,0.10788,1.070513,1.504507,1.44571,0.802034,-0.234929,0.906598,-0.511046,0.000475,0.467678,1,7.084891
QML_0382,1.309551,0.590181,-0.661069,-1.093424,-0.887668,0.641433,0.029716,1.409248,0.128106,-0.76209,0,6.953825
QML_0383,-1.60226,-0.413571,0.501085,0.976074,0.5023,0.008932,0.656954,-0.075775,-1.537833,-1.657757,0,3.184471
QML_0384,-1.251647,-1.286015,1.065978,2.050448,1.293963,0.383013,0.925383,-0.383548,0.644765,-1.536574,1,5.850379
QML_0385,-1.601278,-0.982164,0.384769,-1.594951,-1.020541,-0.816848,0.714587,0.519496,-0.260412,-0.418051,0,-0.43902
QML_0386,-0.794136,-1.814551,0.09447,-0.535711,-0.498796,2.070399,0.153187,0.451635,0.464779,-1.318418,1,5.769979
QML_0387,0.439637,-1.750892,0.010802,0.735594,1.009603,-0.57962,0.443205,-1.492682,0.235114,-0.347722,1,10.407238
QML_0388,0.524188,1.089654,-0.056441,-0.401707,-0.22562,1.556016,0.450014,0.355421,0.180937,1.664943,1,1.358788
QML_0389,0.276274,-0.685295,-0.576698,-1.625905,-1.217389,-0.188869,-0.297922,-0.768693,-0.045714,-1.378598,1,5.08485
QML_0390,-1.412766,-1.16422,-0.449483,-2.354642,-0.870023,0.807097,-0.457895,-0.374299,0.7866,-0.282605,0,1.63086
QML_0391,-2.310103,-2.449033,1.47959,-0.467009,-0.326485,0.734223,2.030472,0.619047,-0.198893,2.132305,0,3.312986
QML_0392,0.054354,-1.16858,-0.108537,0.746045,0.522709,1.146852,-0.386612,0.172159,-1.455197,0.40813,1,9.283023
QML_0393,-0.471776,-0.407239,-0.785796,0.369921,-0.167769,-0.840624,-0.295704,-0.394035,0.568956,-0.367723,1,4.91629
QML_0394,0.459386,-0.367478,-0.516298,-1.718794,-1.002379,1.075635,-0.092368,-0.997769,-0.809006,-0.156883,0,1.490067
QML_0395,0.701954,0.70735,1.100371,-0.246533,-0.614096,1.84644,0.374047,0.016447,-1.324262,0.429363,0,6.280238
QML_0396,0.138241,0.46069,0.675607,-0.652645,-0.203219,-0.258693,-0.05216,-0.541902,-1.022243,1.695772,1,1.680623
QML_0397,0.760133,0.690795,0.560329,-1.128988,-0.859783,0.034706,0.162227,1.238783,0.283332,-0.530854,0,1.063567
QML_0398,0.229211,0.328877,-0.257521,1.146356,0.684976,-0.523447,-0.500206,0.10304,-0.096519,-0.75761,1,7.146555
QML_0399,0.530065,1.632639,0.573362,-0.95174,-0.989084,-0.346436,-0.546431,1.097892,-2.132683,-1.378809,0,1.80413
QML_0400,-0.704673,-1.295025,-0.643561,0.20071,-0.272985,1.711423,-0.873965,-0.329457,-0.383656,0.103096,0,6.170427
QML_0401,-0.179611,-0.145481,-0.259614,2.116118,0.580095,-1.004235,-0.008685,0.982311,1.169231,-1.405687,0,3.884819
QML_0402,0.196776,1.071013,0.969804,0.19638,0.449201,-0.942119,1.501726,-1.330389,-0.451296,-0.463783,1,2.822334
QML_0403,0.820528,1.526149,0.874278,0.585115,1.110241,1.610901,0.972349,-0.605643,-0.165477,-0.908683,0,2.115597
QML_0404,-0.393741,-1.425057,-0.98191,-2.13377,-0.664073,0.624548,-2.377034,-1.265472,1.042991,1.074124,1,6.198387
QML_0405,0.521167,0.02114,-0.855526,-1.609329,-1.022268,2.12037,-0.182021,-1.405049,0.795489,-0.508396,0,-0.237816
QML_0406,-0.265839,1.008192,0.108702,-1.995244,-1.019256,-0.450439,-0.286707,1.256587,1.021751,0.39693,0,0.166842
QML_0407,-0.117542,0.367219,1.726132,1.324065,0.730592,0.126281,1.502795,0.650606,-2.772554,-1.604092,1,7.276725
QML_0408,0.829519,0.622209,-1.915565,1.679605,1.509028,-0.660677,-1.350084,0.37533,1.733523,0.131507,1,12.911006
QML_0409,-1.99306,-1.281215,0.278333,-1.567724,-1.047182,0.143301,0.069586,0.097478,0.6364,-1.20316,0,0.104835
QML_0410,-1.296472,-1.039291,-1.376043,-1.403641,-0.457155,-1.774097,-1.029684,0.208662,2.461476,-0.425648,0,4.650937
QML_0411,-1.482185,-0.570216,-0.634331,-0.883964,-0.424878,0.684955,-0.458607,0.416071,-0.782326,2.211203,0,2.123639
QML_0412,-2.333616,-1.498007,-0.364428,0.455388,0.004612,0.323474,0.618763,0.979739,-1.763451,0.932174,0,1.636686
QML_0413,-0.678264,-0.409237,-0.420508,0.608981,0.405544,-0.057555,-0.307135,0.290666,0.007218,-0.128413,0,4.909398
QML_0414,0.749434,0.478998,-0.533796,0.93377,0.636607,-0.390364,0.331941,0.745742,-0.275372,3.198942,1,6.380674
QML_0415,-0.284884,-0.733047,0.007207,2.025964,0.878226,-0.894754,0.615984,-0.657066,0.653664,-0.915175,1,3.462035
QML_0416,0.19779,0.561095,-0.535256,-1.024799,-0.869689,0.727713,0.058901,1.430285,1.074928,1.165216,0,4.235602
QML_0417,1.089217,3.076178,-1.462457,0.793795,1.462079,-1.17109,-2.185022,-1.404308,-0.087294,-1.532674,1,9.700105
QML_0418,1.327686,-0.780211,0.77987,0.298614,0.024889,0.511896,1.27172,-0.34027,-0.240708,-0.243923,1,8.862783
QML_0419,-0.069138,0.237385,0.752872,-0.970814,-0.768103,2.074451,0.229375,1.146149,0.52272,-1.34779,1,3.705087
QML_0420,1.353586,0.098311,0.843174,2.037076,1.047374,1.485521,1.055445,-0.958431,-0.256329,0.257276,1,6.54457
QML_0421,0.092127,0.541462,-1.540734,-2.022583,-0.900062,-1.505128,-1.71066,-1.075986,-0.339982,0.05597,0,7.106126
QML_0422,-0.837398,-0.420995,0.298918,1.060005,0.899903,-0.536738,-0.561055,-0.403708,1.037135,-0.307665,1,6.126249
QML_0423,-0.5944,0.320656,0.675979,1.139369,0.647167,0.421451,1.757838,-0.215416,1.259778,1.092057,0,1.156257
QML_0424,-1.480537,0.184886,-1.031202,2.076633,0.901391,-0.070282,-1.34388,1.300182,1.083966,-0.567099,0,3.551339
QML_0425,-0.888134,-0.324916,0.009173,0.092903,0.220619,-1.399406,0.751391,1.008359,-0.16823,0.326852,0,1.11907
QML_0426,-0.358017,0.765335,-0.116267,-0.891888,-0.696359,0.385316,-0.004413,-0.107731,-2.139789,0.820555,0,-0.159584
QML_0427,0.803585,-1.550681,1.842151,1.638703,1.140245,-0.010017,1.016427,1.418925,-0.148206,-1.483221,1,12.797687
QML_0428,1.72077,2.298308,1.924496,1.354051,1.329755,1.914325,1.318008,0.426835,-0.75798,-0.748414,1,11.806776
QML_0429,-1.382182,-0.441397,-1.664356,0.001578,0.23582,-0.253229,-2.010761,1.120976,-0.129725,0.053861,0,8.133695
QML_0430,0.392827,1.132222,2.493927,1.339287,0.991145,1.168003,1.736809,-0.761829,-0.671091,0.630153,1,11.800637
QML_0431,-1.040544,-1.609194,-0.915226,-1.160622,-1.209991,-1.267088,-1.344439,-0.033108,-0.02074,1.421238,0,6.039671
QML_0432,0.474697,-0.445071,0.980673,0.447532,0.28274,-1.028009,0.429433,-1.410848,-1.039276,-0.21588,1,8.824386
QML_0433,-0.131087,0.05195,0.970498,1.825917,0.912725,0.721662,1.280793,-1.473359,-1.280717,-0.316471,1,4.131251
QML_0434,-1.830906,-1.02148,-0.99569,-0.910077,-0.726465,1.083731,-0.531759,0.61636,1.222691,-0.872596,0,2.041197
QML_0435,0.928297,0.751172,0.493268,-0.08225,-0.201741,-0.957393,-0.618123,-1.145119,-0.969658,0.329984,1,6.988295
QML_0436,-0.605001,0.589087,-0.107534,2.255224,0.540848,0.024077,0.478194,0.143425,0.000332,-0.297118,0,2.103594
QML_0437,-0.5339,-1.794082,0.55433,1.491059,0.699773,-1.381579,0.383416,0.588022,0.954515,-0.274032,1,6.183686
QML_0438,-1.069752,0.239382,0.230672,1.935195,0.521544,-0.18122,-0.19095,-1.403296,0.914304,-0.093889,0,4.161311
QML_0439,-0.654283,-0.352816,1.196339,-0.573765,-0.601535,0.836923,1.322777,-0.153776,0.794848,0.551628,0,4.181919
QML_0440,0.42789,0.062125,0.0754,2.482526,0.244963,-0.434958,-0.055905,0.552456,0.302867,-0.563731,1,6.196189
QML_0441,-0.189244,-1.354532,-0.167874,-1.737172,-1.236323,-0.249035,-0.875192,1.169193,0.724003,-0.772158,0,6.546073
QML_0442,0.328662,0.608355,1.096064,0.093853,-0.00476,-1.129795,1.968321,-0.60231,1.373088,0.431724,0,3.765978
QML_0443,0.361922,-1.852935,0.580396,-0.103633,-0.437427,-0.648358,0.39504,1.42265,0.425023,-3.025725,1,4.562488
QML_0444,1.320662,1.277499,0.731813,1.492161,1.091848,1.758111,0.459369,1.033624,-1.837202,-0.603678,1,9.813006
QML_0445,-0.342786,-1.456822,-0.664587,2.043089,1.075583,0.072925,-0.728529,0.451905,-0.528533,-1.151309,1,7.6024
QML_0446,-1.476858,-0.766833,-1.045263,1.155697,0.777719,-1.002308,0.035294,-0.324223,0.69637,1.203258,1,5.165545
QML_0447,1.067222,0.485679,-0.567722,0.634081,0.483181,-0.314772,-0.738577,0.633331,-0.627096,-0.440933,1,5.498585
QML_0448,-0.331488,0.811789,-0.620821,-0.362854,-0.220586,-1.597428,-1.438812,0.94858,1.620106,-0.560716,0,0.466574
QML_0449,1.114592,0.461169,0.786199,0.05163,-0.126892,-1.01416,0.109199,-0.5901,-0.06318,-0.048622,1,5.504939
QML_0450,0.383377,-0.37916,0.975984,0.046502,-0.149199,1.36034,1.545592,1.47849,0.085249,-0.595372,1,7.189214
QML_0451,-0.131138,-0.502738,-0.15513,-2.398158,-0.377696,-0.142482,0.432295,1.225858,1.124744,-0.402648,1,2.296364
QML_0452,0.348776,1.273777,1.430919,0.015229,0.236275,1.89073,0.835883,-0.043496,-0.18285,0.09711,1,4.883913
QML_0453,1.951013,1.528909,1.368469,1.779854,1.128614,-0.095348,1.850544,0.66849,0.176277,-0.42204,1,9.918652
QML_0454,2.076981,0.814554,0.243399,1.04637,1.097023,-0.035979,0.656542,0.072027,0.899123,-0.429217,1,9.091816
QML_0455,0.069381,-0.16282,-0.821892,1.478543,0.501428,0.640894,-0.748607,0.782792,-1.472271,-1.010158,1,6.511311
QML_0456,0.160191,-1.243996,1.575377,-0.547575,-0.182159,-2.672588,0.994922,0.980947,-0.285298,-1.153784,1,5.800191
QML_0457,1.07624,0.922135,-0.061017,0.144866,0.242376,0.204939,0.171344,-1.430332,0.829153,0.060637,1,4.809236
QML_0458,-0.845661,-1.960957,0.126165,-2.332582,-0.470909,-0.048986,-0.452411,-1.262604,0.0656,0.306601,1,4.359578
QML_0459,0.33307,0.822216,-0.339605,-0.58501,-0.455418,1.486039,-0.234795,-0.490598,1.467334,-1.428157,0,1.967959
QML_0460,-0.025863,0.095104,-0.88979,-0.12792,-0.11534,0.964679,-0.42232,1.252841,-1.575923,0.759941,1,6.614497
QML_0461,0.313908,2.201559,-1.468639,-1.223956,-1.009279,-1.133692,-2.124576,-0.305179,-1.690002,0.764048,0,3.99198
QML_0462,-0.833369,-1.393468,0.632868,-2.343795,-0.624034,1.242139,0.31995,1.162537,0.769687,0.974689,1,4.75917
QML_0463,-1.589567,-0.961525,-0.783401,0.952041,0.736664,-0.262315,-0.745367,-0.112698,0.865807,0.299889,0,6.431756
QML_0464,-2.072983,0.388404,3.059531,-0.324561,-0.101924,-0.904453,2.809916,-0.633441,-0.19325,0.637082,0,8.640801
QML_0465,-1.117384,0.39812,-1.086074,-0.421609,-0.805843,0.197103,-1.959175,1.201936,0.400394,2.185026,0,2.659011
QML_0466,-0.458675,-0.844052,-1.257382,-1.250066,-1.084399,-0.202769,-1.128147,0.182012,0.745207,-0.301522,0,5.750373
QML_0467,-0.293192,0.029117,0.510139,0.189152,0.699232,1.538465,0.043957,-0.418547,-0.813863,-1.045692,0,1.963152
QML_0468,1.937231,1.067177,1.529313,-0.309866,-0.461451,0.340622,1.694566,-1.366779,-0.706848,-1.53406,1,5.261449
QML_0469,1.105993,0.847959,0.06459,-0.130078,-0.189382,0.205659,0.016907,-1.167201,0.189726,1.755674,0,4.173408
QML_0470,-0.962091,-1.123028,0.572242,0.404357,0.172782,0.900647,1.568031,-1.082069,0.904089,1.768787,0,4.029529
QML_0471,0.347708,0.115317,-1.843547,-2.468377,-0.539542,1.092872,-0.860044,-0.405491,-1.165957,-0.9246,0,8.458459
QML_0472,-0.407078,-1.582238,-0.677512,2.03848,0.708549,0.783605,-0.740903,0.321999,-0.197948,-0.727321,1,9.035074
QML_0473,-0.284364,-0.041545,-1.073616,-2.144563,-0.886265,1.419463,-0.595753,-0.57723,-0.244237,-0.323991,0,0.728045
QML_0474,0.185326,0.484447,-1.895046,-0.245376,-0.030705,0.608682,-1.556677,-1.303417,0.417959,1.224257,0,9.255171
QML_0475,0.619171,0.147238,0.11698,-1.463136,-1.168901,0.167651,0.640494,-0.705574,-0.008698,-1.287302,0,2.756983
QML_0476,-0.339258,-1.559385,-2.242828,0.118912,0.315785,1.239172,-2.435908,-0.273955,-0.545884,-1.96662,1,14.058811
QML_0477,1.063852,1.42537,-1.322196,-1.098849,-0.685128,-0.090896,-1.46094,1.47681,1.248566,2.167514,0,6.278375
QML_0478,-1.141938,-0.31822,-0.537194,1.800032,1.237579,0.033247,-0.079837,-0.321039,-0.539257,0.312373,0,4.409561
QML_0479,0.006339,-0.613626,-0.831286,-0.518201,-0.460183,1.721577,0.214842,-1.232414,-0.292096,0.454413,0,1.325993
QML_0480,2.597674,1.19021,0.396409,0.693778,1.449761,1.621924,-1.153794,0.243344,-1.591498,-0.205106,1,11.035746
QML_0481,0.22308,-1.152875,0.30558,-1.255601,-0.687103,-0.008176,1.107312,1.25892,-0.713626,0.465785,0,5.123584
QML_0482,1.433215,-0.083331,0.893799,-2.402969,-0.592051,-0.453552,0.534571,0.860087,0.516076,-1.514206,1,6.02059
QML_0483,0.09152,-0.406804,0.752384,-0.479227,-0.680075,1.463174,-0.69785,1.008655,0.320602,-0.840921,1,6.068528
QML_0484,0.580777,1.363585,1.140813,0.182432,0.157157,0.800418,-1.152554,1.284695,0.599517,0.105158,1,7.208774
QML_0485,-0.056783,-0.574809,-0.001918,-0.202264,0.155694,0.315581,-0.995444,0.409631,0.550982,-2.270891,1,6.454081
QML_0486,-0.170408,0.450457,0.303467,2.310072,1.166341,-0.321873,0.199619,1.484768,2.087714,-0.302518,0,2.247802
QML_0487,-0.779482,-0.886284,0.511514,1.034196,1.229034,0.331697,0.315226,-1.400155,-0.747859,-0.364164,1,5.48728
QML_0488,0.430301,0.447421,0.141657,2.478349,0.811974,-0.021708,0.51074,1.004519,-1.619424,-0.30269,1,4.10373
QML_0489,-0.851537,-0.588532,-0.397194,-1.0247,-1.168473,-0.664338,-0.635203,1.071032,-1.050553,-0.551082,0,1.818307
QML_0490,0.665585,1.10817,-0.332443,1.445266,1.113922,0.129042,-0.952936,1.250101,-0.703652,-0.995892,1,6.017887
QML_0491,1.085287,0.142318,-0.817558,0.277792,-0.036117,0.265424,-0.840797,-0.065492,-0.974327,-1.822032,1,7.674831
QML_0492,0.366531,-1.135057,0.421617,0.558802,0.158303,-0.375395,0.316978,0.863268,0.093661,0.144747,1,8.935437
QML_0493,-0.286249,-1.332093,-0.094015,2.429266,0.713386,0.903826,0.084192,-0.914759,1.252655,-0.300124,1,4.084767
QML_0494,0.453966,-0.202415,-0.663174,0.769936,0.826889,1.288832,-0.977179,0.309391,1.539659,-1.375282,1,9.067528
QML_0495,-0.308673,-1.231471,-0.662245,1.994084,1.137588,0.969898,0.122369,-0.424065,0.504309,0.062533,1,8.974868
QML_0496,0.935547,0.863231,-1.210399,1.128751,1.028163,-0.276248,-1.251187,0.288521,2.141272,-0.29495,1,10.181851
QML_0497,-1.831406,-1.403176,0.978841,-1.863069,-0.824695,0.755822,0.119873,0.526682,-0.356373,-0.461024,0,0.632945
QML_0498,-0.335607,1.833832,0.078618,0.997119,0.593747,0.077961,-0.297522,-0.458794,-1.632519,-2.156895,0,0.602633
QML_0499,-1.990812,-2.572004,-0.8628,-0.078422,-0.104586,-1.235746,0.094686,-0.851285,1.053178,0.682768,0,4.844181
QML_0500,-1.495061,-0.649195,0.808548,2.09399,0.489449,0.672729,0.479666,-0.534936,-1.838594,-1.233051,1,3.578079
QML_0501,1.363862,-0.208636,-0.560449,1.534172,0.498487,0.146132,-0.843748,0.491872,-0.755003,0.06327,1,10.671124
QML_0502,0.895185,0.072961,-1.406501,-1.979327,-0.732545,2.593548,-0.38258,0.530623,0.520112,-0.808268,1,7.366028
QML_0503,-0.71948,-0.275508,1.021222,-1.830422,-1.154767,1.457271,2.107642,0.723951,-0.102381,-0.388727,0,0.838276
QML_0504,-1.502503,-2.802943,-0.537097,-2.151945,-0.617708,0.71115,-0.239674,-1.12039,-0.190953,1.152292,0,2.484624
QML_0505,-2.964529,-1.429189,-0.408899,-0.033776,0.243318,0.249171,0.515768,0.955552,-1.18079,0.531618,0,-0.472114
QML_0506,-0.543496,1.318549,0.04118,-2.096141,-1.01998,0.163722,0.702277,0.564443,-0.010802,1.13004,0,0.891738
QML_0507,2.420415,0.945806,1.142589,1.118392,1.046976,-1.003689,0.406147,-1.408485,1.003662,0.330385,1,11.374608
QML_0508,0.434884,0.460023,0.020037,0.261793,0.093524,-1.738987,0.031338,-0.493206,0.019968,0.396144,1,4.478875
QML_0509,-0.559572,0.563419,-1.199117,1.679425,0.532636,-0.872559,-1.673036,-0.099866,-0.830226,-1.781139,0,5.96837
QML_0510,0.46508,0.116434,0.543877,-1.101021,-0.860843,-0.047717,0.247501,-0.418148,-1.247538,-0.317525,0,4.176073
QML_0511,-1.560958,-1.352343,-0.48499,0.095704,-0.022161,-2.105539,-0.746517,-1.147749,-0.809595,-0.224909,1,6.513563
QML_0512,-0.297323,-2.097904,1.887924,-1.912602,-1.052173,-0.544322,1.059671,-0.877961,0.392334,1.223665,1,8.537941
QML_0513,0.099477,0.599555,-0.00112,1.92305,1.432433,-0.247613,-0.488216,-1.426316,0.343602,-0.506229,1,5.359711
QML_0514,-0.086101,-0.143549,-2.235035,-1.624975,-1.379997,-0.215427,-1.751138,-1.220769,-0.800507,0.26486,0,10.191506
QML_0515,0.790806,-0.425838,0.357365,-1.988189,-0.818431,-0.661724,0.596107,-0.7011,-2.210759,0.225757,1,5.268546
QML_0516,0.344645,0.297162,1.944598,-1.474747,-1.244093,-0.341514,1.283549,0.959911,0.420013,1.157675,0,9.356336
QML_0517,0.668326,-0.128549,1.57592,1.531157,1.22628,1.723894,-0.108698,0.079913,-0.897707,-0.133744,1,11.834376
QML_0518,-0.688372,-0.827767,1.830954,-1.970927,-0.846402,0.662145,0.79669,-0.226506,0.689062,0.827787,1,5.856606
QML_0519,0.897815,1.009146,-1.01976,0.572137,0.636266,-0.560301,-1.701442,0.486489,-0.75611,-1.704865,1,7.257748
QML_0520,1.628937,-0.24171,0.912152,1.230907,0.706569,-0.068348,0.797146,0.124532,-0.9879,-1.614019,1,8.560548
QML_0521,-0.97015,0.356636,-0.721995,1.255406,0.759278,-0.028313,-0.17824,-1.105458,0.153172,-2.283344,1,4.774644
QML_0522,-0.887696,-1.676266,0.224289,-1.549696,-0.767965,-0.767955,0.323759,-0.83213,2.357699,0.785985,0,4.19274
QML_0523,1.335784,0.171385,-1.272952,-2.19188,-0.370549,-0.76913,-1.40288,-0.832433,0.74903,0.673667,1,8.900083
QML_0524,-0.191344,1.529265,-0.644456,-0.255968,-0.133105,1.010524,-0.290664,0.299858,0.136219,0.896828,0,3.24819
QML_0525,1.403821,1.730353,-0.676247,-1.487573,-1.220894,-0.419784,-0.778947,-0.115127,0.358852,-0.677362,0,3.944792
QML_0526,-0.442536,-0.160431,0.898555,0.996354,0.92423,-1.094696,-0.110858,-0.337245,-1.751116,-0.563548,1,7.321411
QML_0527,1.455046,0.000824,0.800719,-0.716536,-0.049908,-0.04314,1.042758,0.169918,-1.12234,-0.121048,1,6.309276
QML_0528,0.131486,-0.377564,0.27682,-0.25323,-0.224927,0.11801,0.725492,1.410347,-2.510929,1.443699,1,3.876123
QML_0529,0.258229,0.20431,-1.350421,-1.932575,-0.569808,-1.972704,-0.328513,-0.55742,1.729874,1.693828,0,5.517948
QML_0530,1.564718,0.89249,-0.311639,0.337751,0.146284,-0.040746,-0.613574,0.060586,1.527386,0.793808,1,7.128957
QML_0531,-0.36177,-0.276214,-0.746116,-1.572379,-1.01052,0.86798,0.244304,-0.05889,0.392819,0.33102,0,3.317673
QML_0532,-0.941122,-0.543825,0.869676,0.894928,0.935056,0.451229,0.287945,0.649929,0.135115,1.335383,1,4.741905
QML_0533,-0.448564,-0.428929,1.178185,-2.144156,-0.740751,2.229795,1.249505,0.690871,-1.55159,-0.255842,1,5.206361
QML_0534,0.452334,-0.976898,1.056386,2.379473,0.498859,1.251109,0.407377,0.687212,-0.2193,-0.390942,1,8.697294
QML_0535,-1.565759,-1.300202,-0.755219,0.922635,0.594816,1.448934,-0.674242,-0.895441,1.792392,-0.129022,0,4.945809
QML_0536,0.637471,1.128039,-2.739533,-1.591352,-0.752718,2.800086,-3.491439,-0.152721,0.131416,-0.978714,0,15.336795
QML_0537,-0.538771,-1.459408,-1.766962,-2.429527,-0.355511,0.758156,-1.433117,0.933524,-0.564646,-0.175009,0,9.030565
QML_0538,1.147813,0.470175,1.421627,-0.827686,-0.358332,0.16307,1.054347,-0.355409,-1.758071,-1.117408,1,6.006598
QML_0539,-2.39426,-2.013634,-0.401255,-1.735934,-0.535413,0.97374,-0.547411,1.452765,1.380306,1.025008,0,3.524242
QML_0540,-0.786566,-0.337963,-0.750725,-1.407943,-0.953114,-0.559236,0.616015,-0.40564,-0.070084,0.543687,0,0.070368
QML_0541,-1.686468,-1.257896,1.64266,1.863751,0.879595,0.107686,0.394259,-0.007,-1.756734,1.429562,1,6.216124
QML_0542,-0.826229,0.801358,1.26516,0.516023,0.831173,-0.647728,0.519284,-0.076423,-0.924266,-1.629283,0,3.536343
QML_0543,0.247666,0.566812,0.024449,-1.617712,-0.820632,0.397985,-0.571053,-0.199009,-1.277538,1.901697,0,4.720939
QML_0544,-0.179227,-1.213607,-0.293403,0.283297,0.033909,-0.651909,-0.571837,1.036894,-0.131744,-1.572475,1,5.168766
QML_0545,-0.253378,0.431186,-0.132101,-1.221097,-1.197885,-0.686928,0.577948,-1.034174,0.207339,-1.198308,0,1.916903
QML_0546,-0.159185,-0.746006,0.227163,2.381004,0.81233,0.413473,1.119735,0.202994,-0.503217,-0.620822,1,5.540193
QML_0547,0.203388,-0.378583,1.600047,-2.336214,-0.765412,-0.137711,0.664518,0.355805,0.777047,1.307721,1,6.009519
QML_0548,-1.008536,-0.287949,0.422467,1.161592,0.91083,-1.927521,-0.174228,1.053664,0.078802,0.225573,0,2.25125
QML_0549,0.70685,-0.029218,0.726029,1.364985,1.247029,-1.455557,-0.243913,0.3276,1.062312,-0.243829,1,7.281782
QML_0550,0.662666,1.123394,1.16927,-2.164186,-0.639291,-1.147266,1.667575,1.380061,-0.357194,-0.792627,0,0.428295
QML_0551,0.385038,-0.446563,-1.169676,-1.640653,-0.665093,-0.882972,-0.09012,1.116503,3.045326,-1.375935,0,2.767593
QML_0552,0.556533,-0.220011,0.754862,-0.578467,-1.029625,0.414423,0.459515,-0.45378,-0.564489,1.132627,0,4.741473
QML_0553,0.296418,-0.394885,-0.294569,1.840774,1.027126,0.218939,-1.113663,1.079719,-0.90333,0.798639,1,9.436499
QML_0554,2.035073,0.638497,-2.516095,0.185,0.357618,1.065279,-2.610597,1.375433,-1.026301,1.35245,1,20.677018
QML_0555,-0.087094,0.886411,-2.12817,0.776534,0.319165,0.752802,-1.37881,-0.728408,-0.210941,0.396818,0,11.884174
QML_0556,-0.307083,0.365581,-1.018118,1.415064,0.824174,1.071903,-0.355613,0.330626,-1.719536,-2.642102,0,7.34616
QML_0557,-0.753528,1.039012,0.531223,1.640614,0.787442,0.608396,-0.971138,-0.654588,0.294563,-1.244583,0,3.23799
QML_0558,-1.032263,1.359753,0.1138,-0.118577,-0.112875,0.209679,-0.129192,0.448702,-1.905304,0.464871,0,-1.143742
QML_0559,-1.244472,-1.560569,0.184367,0.043966,0.450915,1.099352,1.180949,-1.219072,0.161671,-0.369717,0,0.789508
QML_0560,-0.888797,-0.428982,1.950943,1.090029,1.392288,0.919413,1.224279,0.702564,-1.351252,-0.558842,1,7.573225
QML_0561,-0.07068,-1.038644,-1.26909,-1.183288,-1.129425,0.376095,0.079902,-0.240541,-0.381293,-1.103227,0,5.616056
QML_0562,0.334295,-0.477103,-0.027433,1.772449,1.111376,1.271072,0.402677,0.261922,0.60454,0.94759,1,7.435097
QML_0563,0.051142,-0.507442,0.304436,-2.396066,-0.538659,-2.345788,-0.491677,-1.422413,2.304038,0.456193,1,9.918718
QML_0564,-0.765535,-1.319626,-0.736273,-1.521142,-0.901861,-0.290463,-0.705628,0.586324,-1.078001,0.501191,0,4.443677
QML_0565,0.900185,-0.399003,0.028327,1.501,1.09731,-0.30579,-0.063823,-0.012026,-0.150317,-0.633602,1,7.482454
QML_0566,0.739413,0.284035,-1.599949,-0.798709,-0.64052,1.152683,-1.739097,0.375753,-0.723759,0.176288,1,7.852754
QML_0567,-0.159648,-1.122017,1.409906,-1.750836,-0.561944,1.571395,0.35652,-0.552996,-0.86987,-1.337765,0,4.941789
QML_0568,-0.652916,0.356704,-0.681615,-1.566226,-0.724373,-1.450179,0.502269,-1.062539,-0.714973,-0.129828,0,3.019761
QML_0569,0.548428,-0.478455,2.0314,0.153782,-0.111862,1.411167,0.786696,-0.193713,0.824066,-2.52793,1,10.762576
QML_0570,0.187974,2.491519,-0.032474,1.730908,1.18614,-1.171445,0.678251,1.331937,-0.488056,-1.568116,0,0.5021
QML_0571,-1.448127,-1.180147,1.028054,-2.146746,-0.615582,-1.141215,0.435923,-0.816618,2.249313,-0.322312,1,3.096897
QML_0572,-0.06798,0.023826,-0.053303,-2.347595,-0.634419,-0.234286,-0.053978,0.527517,0.415979,2.375118,0,3.269792
QML_0573,0.262036,-0.95692,-0.030744,-0.174159,0.109576,-0.318206,0.343678,-1.350469,-1.010011,-1.800743,1,4.123514
QML_0574,-0.899695,0.955346,-0.584029,2.280937,0.805289,-1.558417,-0.797884,0.654299,-0.366705,-1.243581,0,3.775797
QML_0575,0.189843,1.055989,0.119124,-1.104951,-0.843325,0.649878,0.452525,-0.784688,-0.801847,0.216775,0,-1.107832
QML_0576,-1.454822,-0.547774,0.317999,2.295853,0.778772,0.679402,-1.10758,-0.145449,0.800069,1.769423,1,4.965547
QML_0577,1.336186,-0.40988,-0.784259,1.938406,0.428628,1.054042,-0.263171,-0.396741,-1.63878,0.202172,1,9.600087
QML_0578,1.24795,0.865439,-0.125044,-1.084325,-0.904087,-0.433455,-1.692076,-1.161479,-1.340951,0.702142,0,5.73496
QML_0579,-0.252517,-1.092101,-0.610099,1.58474,0.83284,-0.039583,-0.57452,-0.463254,-0.591546,-0.337604,1,7.772728
QML_0580,0.363454,1.442902,2.299664,0.929337,0.504611,-0.030427,2.165023,-0.449625,0.682947,-0.510622,1,9.697469
QML_0581,-2.409922,-0.637642,-0.089731,0.059112,0.417582,1.687995,0.34168,0.066317,1.23306,0.082184,0,0.177788
QML_0582,-1.156348,-0.554868,1.545232,-0.385419,-0.249896,-2.834245,0.237696,1.417055,1.380542,-0.658289,0,1.59524
QML_0583,-0.293779,-2.232498,-0.195622,1.577514,0.99252,-0.956944,-0.897217,-0.089947,0.529802,0.724269,1,11.300537
QML_0584,-1.072133,-1.425577,0.259288,1.465397,0.85325,0.005541,-0.266135,1.243278,-0.08289,-1.606272,1,6.435058
QML_0585,0.714396,0.977515,-1.321364,1.284682,1.03339,-1.08557,-0.803915,-0.115327,0.794626,0.889987,0,11.010842
QML_0586,1.997297,2.129464,-0.447073,2.49128,0.853294,-0.25832,-1.633707,-1.17737,-1.144501,0.039313,1,8.268325
QML_0587,-1.176615,0.295656,0.210535,-0.107438,-0.313973,-0.126076,0.138779,-0.809541,-1.844657,-0.214721,0,2.033861
QML_0588,-0.837463,-1.813816,1.586004,1.534615,0.998138,-0.657686,1.312632,-0.277447,0.436638,-1.642985,1,9.892459
QML_0589,0.235448,0.385816,0.221983,1.812392,1.187974,0.064469,-0.028586,-0.523894,-1.005678,-0.979789,1,5.074381
QML_0590,1.611116,1.749302,1.38372,-1.441987,-1.475716,0.628149,1.310063,1.097488,-0.065307,1.198651,0,5.428727
QML_0591,-1.222374,-2.081891,0.640729,-2.289668,-0.766942,-0.236266,0.593931,0.535937,0.119627,-0.208599,1,3.766784
QML_0592,0.249036,0.130251,1.627401,-0.476258,-0.56578,-0.453195,0.787106,0.234925,0.24812,0.278398,1,6.359528
QML_0593,1.821299,1.23448,-0.059042,1.783683,0.943968,-0.165765,-1.299853,-0.026311,0.937792,-0.879532,1,9.445384
QML_0594,-1.651759,-1.164117,2.390223,-1.054484,-0.995053,-0.007436,1.759874,-0.308188,0.832075,-0.029055,0,8.075588
QML_0595,-1.281069,-2.278926,-0.485396,1.000051,0.875905,-1.74032,-0.959276,0.336577,0.195,-1.372152,1,6.864621
QML_0596,-0.423607,-0.509827,-0.766462,-2.463259,-0.146589,0.461554,-0.912446,-1.126179,-0.442015,0.099882,0,0.440704
QML_0597,-0.520588,-0.564533,-1.210053,-0.723178,-0.742751,-0.451001,-0.535606,-1.0124,0.107762,0.370641,1,7.531
QML_0598,0.812601,0.321069,2.331025,0.577583,0.618929,1.261535,2.552984,-0.590651,-0.59621,0.320615,1,10.404405
QML_0599,0.24166,-0.346038,0.819448,-1.851214,-0.462253,0.591053,0.548874,-0.986446,-0.196429,-0.903585,1,2.213606
QML_0600,-1.774962,-1.352789,-0.334121,1.983035,0.778722,1.170066,0.126258,0.531296,2.618173,-0.342051,1,3.342504
QML_0601,0.51541,0.249725,1.249023,-1.71863,-0.535424,-1.011004,-0.064596,-1.425695,0.18219,0.537194,1,6.394801
QML_0602,-0.577539,0.05844,0.687692,2.048968,0.889169,-0.371387,0.640975,-1.019468,0.450245,-0.211438,1,4.088548
QML_0603,1.274447,0.442183,1.966127,-1.418053,-0.542883,-1.242458,1.33735,1.207824,-0.705481,-0.287305,1,6.027252
QML_0604,-0.627588,-0.693375,-1.547833,2.471393,0.808692,-0.705191,-0.284485,1.492629,1.020073,1.903468,0,6.514607
QML_0605,-0.636615,-0.271637,-0.26536,0.523744,0.576902,1.252105,-0.53705,-0.037229,0.760272,-0.950989,1,5.074148
QML_0606,0.541132,-1.335156,-0.462521,-2.078276,-0.89038,1.487491,-0.480829,-0.01389,0.767353,1.080418,1,8.798023
QML_0607,0.762926,0.825089,-1.973683,-2.173614,-0.979752,-1.148133,-0.693348,0.820196,0.214891,-1.154681,0,8.86096
QML_0608,0.448099,0.245976,1.060327,-2.125392,-0.831166,-0.458278,0.682407,-1.391431,1.03419,0.654781,0,6.014313
QML_0609,-1.685597,-0.893339,-0.270397,0.449464,0.658823,-0.076196,-0.910024,-0.218936,1.271685,0.708153,1,3.008808
QML_0610,0.538034,1.112543,0.739631,1.547896,0.99646,0.585606,2.176303,-1.200516,0.283099,-0.510365,1,3.357371
QML_0611,-1.034308,-2.228763,2.359772,-0.485186,-0.545529,-1.75981,0.950755,-0.297221,-0.114612,-1.217477,1,12.457137
QML_0612,0.235276,-1.548357,-0.353244,-0.275821,-0.335033,-1.603,-0.289326,1.451466,0.894571,-1.970433,1,3.621997
QML_0613,-1.423734,-0.550321,-0.421153,0.446439,0.679875,0.489626,-0.06946,0.7609,-0.904125,-0.615114,0,2.756512
QML_0614,0.446322,0.239428,0.118664,0.165203,0.470743,-1.949039,0.257016,1.455138,-0.71796,0.526219,0,2.546241
QML_0615,-0.806599,-0.298979,0.987247,0.940309,0.640952,-0.446797,0.56774,0.738146,-0.0533,-1.077628,1,5.90239
QML_0616,-1.282635,-1.098257,-0.566713,-0.141071,-0.307751,0.162092,-0.516793,0.32433,-1.741357,0.096949,1,3.732421
QML_0617,0.71382,0.957302,-0.630962,1.069303,0.971706,0.415666,-0.594379,0.762662,0.827595,-1.47643,1,5.683662
QML_0618,0.241645,0.925648,1.057189,2.486554,0.991073,-0.141718,0.014675,0.477275,-0.962914,-0.233888,1,5.284292
QML_0619,-0.613977,0.073698,0.378639,-0.748511,-0.394051,-0.365757,1.66269,-0.107802,-0.471491,-1.147044,0,-1.603517
QML_0620,1.451179,0.576444,-2.044728,-2.438923,-0.959221,0.844571,-1.574304,-0.622361,-0.21328,-0.077981,1,11.885464
QML_0621,-0.440652,-2.033895,-1.225392,-1.871875,-1.021036,0.285206,-0.469769,0.060534,0.039287,-0.501079,1,7.403481
QML_0622,0.032108,0.67151,1.501236,0.267571,0.031739,-0.647017,0.833341,-0.72452,-0.343653,-1.190366,1,6.081645
QML_0623,0.268913,1.186372,0.401928,-0.778711,-0.769241,0.037723,0.050753,-0.039971,-0.067371,-0.658873,0,1.885958
QML_0624,-0.619666,0.207058,-0.762196,2.199913,1.20965,0.383169,-0.829576,-1.061594,-0.059628,-0.934157,0,5.352754
QML_0625,0.471136,-0.488571,-0.17041,0.63723,0.239322,1.718237,-1.126687,0.196185,-0.447031,-1.313925,1,8.610029
QML_0626,-0.533452,0.279326,0.013237,0.101776,-0.303116,0.786324,-0.095138,-0.764149,-0.773194,1.082746,0,0.605518
QML_0627,-0.411638,0.505049,0.735733,1.490198,0.789615,1.214557,0.250458,-0.619176,1.081474,-0.360175,0,3.494406
QML_0628,1.362643,2.074447,-1.358263,-1.207051,-0.862743,-0.610607,-0.189293,-0.002916,-2.104406,-2.202225,0,5.222944
QML_0629,-1.040586,-1.317016,-0.840949,1.598693,1.1548,-0.524183,-1.366519,-1.012421,-0.205715,-0.623281,0,10.236459
QML_0630,-2.41278,-1.519516,0.272956,-2.484694,-0.501301,-0.23538,-0.184077,1.38714,-0.468899,0.914712,0,-0.37798
QML_0631,1.610937,1.521197,-0.099835,0.598387,0.857232,-0.143573,-0.653871,-0.159167,0.418791,-0.761359,1,7.385146
QML_0632,2.549328,1.450929,0.571859,2.173786,0.382873,-1.008025,1.337946,-0.443162,-1.454293,1.497744,1,9.52454
QML_0633,-0.405269,-1.172627,-1.229507,1.4393,1.288451,1.265934,-1.425771,-1.41241,-0.499785,-0.856662,1,7.975687
QML_0634,-1.936838,-0.712837,0.357129,1.768171,0.902561,0.883352,0.615485,1.029763,-0.10236,0.503408,0,4.590445
QML_0635,-0.310484,0.321096,1.091584,-0.515227,-0.309858,-0.305678,1.394713,0.377502,1.070074,1.036639,0,3.584765
QML_0636,-0.286223,-0.082654,0.486819,1.621195,0.667874,0.641711,0.245793,-0.250785,0.332185,0.450194,1,6.821264
QML_0637,-0.189924,0.082189,0.139112,0.254158,0.25267,0.222899,-0.797549,-0.763402,-1.183488,-1.374494,1,4.988147
QML_0638,-1.113388,-0.832263,-0.095884,0.592701,0.617671,0.719828,-0.953819,0.735412,-0.487477,-0.942469,1,8.055427
QML_0639,0.579561,1.575296,-0.834851,-2.205423,-0.516355,-1.344307,-0.025549,1.336424,0.886051,1.170071,0,-0.380001
QML_0640,0.524507,-0.477109,-0.071999,-1.492242,-1.39323,-0.145661,-0.869785,-0.357571,-1.200775,-0.804611,1,7.412888
QML_0641,-1.494406,-1.321146,1.259706,0.254822,0.259761,-0.058039,1.136611,-1.095372,-0.078644,0.975677,1,5.432
QML_0642,0.699197,0.393896,-0.119029,-2.205995,-1.076263,0.623642,-0.008993,-1.172416,-0.00912,-0.430285,0,4.224172
QML_0643,2.052685,1.876088,-0.889804,1.207234,1.06101,-0.628438,-0.377727,-1.480914,-0.385783,0.141437,1,9.300602
QML_0644,0.17196,-1.178189,-0.492247,1.700285,1.185932,-2.499931,-0.038043,0.731866,2.695752,-1.386107,1,7.380384
QML_0645,-0.337325,-1.299281,0.20085,2.101812,1.184086,-1.0817,-0.466291,1.444186,-0.412731,-0.608268,1,7.287628
QML_0646,-0.142003,-1.810171,-0.373514,-1.991158,-1.046699,-0.061048,-0.895553,1.478453,0.449765,-0.875306,1,4.592143
QML_0647,0.615257,0.366182,0.485303,2.198601,1.041125,0.063884,0.804415,0.852592,-0.766301,0.2256,1,5.702289
QML_0648,-1.730672,-1.902429,0.522844,-2.1619,-0.490101,1.683748,-0.043083,-1.013449,0.527748,0.093198,0,-2.176163
QML_0649,0.164391,-0.236453,0.888983,-0.129719,-0.540167,0.582746,-1.165308,1.433128,0.870788,0.46265,1,7.375912
QML_0650,-0.390464,0.347416,1.423559,1.701255,1.144589,0.08153,1.418183,-0.51656,-0.587964,-0.490523,1,4.945847
QML_0651,1.847825,0.470992,0.995859,-2.148444,-0.598121,-0.032391,0.023531,-0.499141,-0.054702,-0.93023,1,6.93828
QML_0652,-0.174173,0.100795,-0.934239,-2.408845,-0.733596,1.104183,-0.350329,0.562011,-0.89528,0.182729,0,7.833531
QML_0653,1.667888,0.662901,-0.903534,-2.375261,-0.99619,-0.59011,0.27286,-1.352852,-1.144404,-1.029589,0,9.111407
QML_0654,-1.103741,-0.03576,-0.075771,0.056351,0.29206,-0.140284,-0.042144,0.977309,1.036795,1.078423,0,-0.029842
QML_0655,0.587259,0.726851,-0.451175,1.557984,0.700041,-1.089258,0.331425,1.491892,-0.554001,-0.114522,1,4.767099
QML_0656,0.3194,-0.412473,-1.138327,-1.862867,-1.002238,1.418906,-0.69686,0.825209,-2.413612,-0.326135,0,8.2869
QML_0657,-0.869047,-0.62133,-0.441692,-1.876949,-0.963531,0.392499,0.722645,0.845029,1.765356,0.462176,0,0.96493
QML_0658,0.177396,0.98475,-0.474513,0.342734,0.514948,-0.707523,-1.022529,-0.329059,-0.802095,-0.076364,0,5.116242
QML_0659,1.212519,1.001256,-0.671848,-1.328522,-1.127453,-0.114455,-0.475633,-1.302236,-0.246373,-1.658052,0,4.859434
QML_0660,-0.323792,-1.365503,-0.315789,1.151069,0.742054,0.509651,0.216502,0.878002,1.640907,-1.06143,1,6.004602
QML_0661,-1.691963,-0.373304,1.178451,2.248177,0.803946,-0.250719,0.701148,0.291474,-0.141742,1.057709,0,2.324357
QML_0662,-0.017563,-0.931579,0.199238,1.330167,1.222786,-0.534471,0.888409,1.228016,-0.163337,0.083884,1,5.932201
QML_0663,-0.902423,0.704303,2.471809,1.885877,1.522634,-0.654274,1.449441,-1.152111,-1.228173,-1.681568,1,10.791941
QML_0664,-0.342341,0.682196,0.170508,0.09793,-0.279096,0.338962,1.464447,-0.584631,-1.634834,0.352112,0,0.021197
QML_0665,-0.081588,0.201529,-0.290066,1.661597,1.074716,-0.358054,1.176382,-0.418032,-0.166386,-0.559259,1,3.600807
QML_0666,-1.705652,-0.804461,0.004133,-1.585484,-1.271526,-0.453758,0.18624,0.549839,0.36281,-0.8745,0,-0.810385
QML_0667,-1.615658,-1.06629,0.256492,-2.158261,-0.577646,-1.336062,0.538735,0.863235,0.305525,-1.144873,0,0.011033
QML_0668,0.482067,0.841882,0.435254,0.779766,0.468477,0.077641,1.079264,1.383061,-0.481261,0.999929,0,4.303186
QML_0669,-0.522719,-0.602657,2.076711,-2.240237,-0.952831,-0.181223,0.68202,-0.613779,0.020258,-1.965498,0,9.815265
QML_0670,-2.564744,-1.210375,-0.84532,1.962407,0.776978,-0.321648,-1.444524,-0.019091,-1.83721,-0.837532,0,3.46492
QML_0671,0.784844,1.172808,0.859046,0.957771,0.798861,0.198771,1.418005,-1.413117,0.460167,0.120127,1,4.992445
QML_0672,0.27237,-0.327732,0.207751,2.261004,0.851913,0.748002,0.323518,-0.741036,0.161406,1.578363,1,5.263682
QML_0673,-0.713875,-0.916395,-1.571098,-0.930567,-0.681033,0.701565,-1.246997,-0.377989,1.973661,0.553858,0,7.414619
QML_0674,-1.31683,-1.739467,0.770699,-0.069208,-0.070595,0.552729,0.546719,0.281419,0.00748,-0.846025,1,3.373442
QML_0675,0.835808,-0.445107,1.267624,1.208452,0.602596,-0.24067,-0.66359,-0.087464,-0.942669,1.529353,1,13.320583
QML_0676,0.349351,-1.361993,-0.857176,-1.286105,-0.777802,-0.566998,-0.723889,-0.406575,-0.050723,-1.355123,1,5.209741
QML_0677,2.382602,1.930786,-0.008934,0.209244,0.194481,-1.043916,-0.495734,0.372234,-0.3278,0.265336,0,8.518001
QML_0678,0.420189,1.768681,-1.725354,0.797336,1.005931,-0.593157,-0.611001,0.985847,0.434708,0.487785,0,7.560158
QML_0679,0.387703,1.424766,-1.258806,2.394043,0.502909,0.01965,-0.234395,-0.774957,0.026892,-0.881116,0,6.844963
QML_0680,-0.166928,-1.473982,1.04803,1.223516,0.539733,-0.786286,1.108463,-0.471372,-1.259947,0.697593,1,10.16617
QML_0681,0.816776,1.065353,-0.466417,-1.909346,-0.951744,0.096057,-0.069443,0.614771,-1.635743,-0.51389,0,3.812845
QML_0682,0.625085,1.552587,-1.108803,-0.123333,0.200968,-0.965457,-1.749437,0.833822,0.262908,0.695142,0,4.240275
QML_0683,1.251725,0.30016,0.22946,0.443854,0.469659,-1.660992,0.54454,0.976191,1.383115,-1.839595,0,5.536641
QML_0684,-0.521323,-0.200497,-0.522412,-1.766884,-1.030754,0.819406,0.04342,-0.872006,0.079348,0.334976,0,3.112998
QML_0685,-0.435407,-1.946183,-0.470822,-0.34017,-0.551234,-0.474415,0.4798,0.117801,0.813297,-0.412107,1,4.352094
QML_0686,-0.479103,-0.036781,0.739326,-1.079971,-0.442502,-0.837034,1.894365,1.200033,1.012809,1.149704,0,1.808917
QML_0687,0.790802,-0.469085,-1.161733,-1.905862,-1.201789,-1.093847,-1.913378,-0.324149,0.266792,-0.043981,1,9.235498
QML_0688,1.498374,0.993796,-0.905365,0.06021,-0.121175,0.423036,-0.886266,-0.210351,-0.814491,1.24923,1,7.163766
QML_0689,-0.45884,-1.579385,0.15408,-1.671835,-0.852391,1.374908,-0.374617,1.454469,0.195308,0.507613,1,5.269593
QML_0690,-0.424774,0.227804,0.96941,0.452687,-0.026622,-0.403074,0.790717,-1.160842,1.207073,-0.127508,0,4.35023
QML_0691,0.314077,1.043578,1.23816,-1.651515,-0.678096,-0.215563,0.875423,0.616806,0.529891,0.787669,0,0.190655
QML_0692,-0.245762,-0.800872,-0.665062,1.117975,1.055264,1.071632,-0.617697,1.050552,0.748245,0.794058,1,8.29532
QML_0693,0.952054,-0.442755,0.937377,-1.523792,-0.774088,-1.810446,1.324107,-1.047619,-0.462546,0.47191,1,6.827321
QML_0694,-2.251777,-3.071097,-0.784142,1.981426,1.056399,1.966869,-1.264819,0.64336,-0.202354,-2.292301,1,7.765748
QML_0695,-0.826705,-0.681139,1.826209,-2.368953,-0.738309,2.4441,0.601618,-0.090785,-0.118727,-0.98256,0,6.758168
QML_0696,-0.782416,-0.924684,-1.133771,0.109987,-0.156022,-2.706338,-1.459386,1.058673,-0.051338,1.384106,0,3.665595
QML_0697,-2.320356,-2.594562,1.328479,-0.899476,-0.81802,-0.097503,0.695722,1.222357,1.167958,-1.255946,0,2.619497
QML_0698,-0.963638,-0.144935,-0.656486,-1.374617,-1.224628,-0.718947,-1.258124,1.117455,-2.347174,0.882461,0,0.82423
QML_0699,-0.915156,-0.885811,2.013246,-0.141986,-0.019971,-0.264772,1.377701,-1.306845,0.030538,0.706453,1,8.372722
QML_0700,-0.201105,-1.024983,0.591321,1.710098,1.192008,-0.418385,0.306356,0.770566,-0.079496,-0.725752,1,6.923482
QML_0701,1.112966,0.140745,-1.016017,2.076386,1.244091,0.811759,-1.222446,1.264583,-1.371501,-1.995232,1,10.66661
QML_0702,-0.245061,0.775825,-0.522238,-0.983757,-0.739642,-0.11257,0.202381,0.364045,0.671767,-0.568913,0,1.02
QML_0703,-1.030814,-0.054451,0.781181,-1.728782,-0.756402,-0.910907,0.508152,0.302628,-0.7245,2.078015,0,0.077244
QML_0704,-0.056955,-0.141847,1.052644,1.100702,0.817239,-0.172185,1.427572,-1.364984,-0.357033,-0.863277,1,4.92102
QML_0705,1.049174,1.103285,-0.070716,0.409994,0.279034,0.514784,-0.176283,1.068099,1.848782,-0.794257,1,5.699113
QML_0706,-0.975959,-1.523553,0.044658,-1.494919,-0.878705,-1.183721,0.015534,-1.360789,1.009974,-0.997582,0,4.922679
QML_0707,-0.910575,-0.473302,0.758353,1.301479,0.867335,-1.646234,0.165039,-0.559471,0.574487,1.214784,1,6.816818
QML_0708,0.558549,0.432426,0.131798,0.094652,0.161807,1.992743,0.087679,1.277589,0.380777,-0.242916,1,7.188493
QML_0709,-0.221536,-0.521206,-1.293505,0.766976,0.428663,-0.642427,-0.442503,1.349235,-0.16468,-0.625906,1,8.161175
QML_0710,0.647485,0.726256,-0.812974,-0.703305,-0.867149,-0.137353,-0.836449,1.475702,1.999377,1.413474,0,3.426513
QML_0711,-0.013647,-0.670874,0.23512,-0.304512,-0.140976,-0.397795,0.501552,-0.070793,0.802168,0.579494,1,3.069324
QML_0712,0.701664,0.819263,1.215482,-1.59829,-0.77795,0.548088,0.322552,-0.967711,-0.74955,-0.91929,1,3.339207
QML_0713,-1.035078,-0.100213,1.615982,1.282579,0.712338,1.77279,1.624571,-0.036167,-1.400102,-1.223584,1,7.454442
QML_0714,-0.012085,-2.486232,0.779529,-1.714943,-0.821975,0.579934,0.168732,-1.193061,0.566838,1.15817,1,6.295581
QML_0715,-0.21069,0.89588,0.287291,1.391513,0.850788,-1.518365,0.754695,1.117608,-0.055869,0.016788,0,1.127245
QML_0716,-1.215891,-3.259228,0.748814,1.490039,1.000867,-1.384123,0.563804,0.181612,-1.428938,-1.549064,1,10.110773
QML_0717,-1.563478,-1.383555,-0.666751,1.233005,1.297725,-0.398965,0.521894,-0.286482,0.428586,-1.783116,1,4.420737
QML_0718,0.685749,1.248708,-0.153231,-2.402886,-0.47146,-0.268233,-0.857406,-1.261408,-0.269027,-1.116039,0,6.045384
QML_0719,-0.350952,-0.462718,-0.824131,-1.134334,-0.707285,-1.721951,-1.536406,-0.284278,0.530665,-1.239485,1,4.62112
QML_0720,-1.02228,-1.808512,-1.248743,-0.158311,0.319547,0.819341,-1.274661,1.098575,0.44174,-2.046077,0,7.517758
QML_0721,-0.096179,-0.982575,0.333549,0.477722,0.283787,-1.086321,-0.666513,0.610218,-0.608264,-1.099507,1,6.02321
QML_0722,1.128019,1.49328,0.185513,2.09611,0.618698,1.493302,-0.768918,-1.252633,0.632845,-0.919081,0,4.045838
QML_0723,-2.280738,-2.887685,0.687652,-0.62197,-0.763168,1.820633,0.885365,-1.020278,-0.497905,-0.462681,0,-0.553077
QML_0724,-1.496639,0.136491,0.546112,1.875117,0.890426,-0.248254,0.379562,-0.323075,-0.432882,1.69291,0,5.362723
QML_0725,-0.922886,-0.554424,0.242644,-1.682854,-1.582366,0.438973,-0.141942,-1.195875,-0.532271,-0.266843,0,1.067161
QML_0726,1.461179,-0.209888,0.556617,-0.643598,-0.651934,-1.231947,0.138106,1.302124,1.130974,-0.167575,1,5.549055
QML_0727,0.282587,-0.340225,-0.042683,-2.23859,-0.921333,0.623676,-0.418083,0.456876,-0.280572,0.509255,1,3.91381
QML_0728,0.767317,-0.442616,0.412891,1.212446,1.132417,-0.498192,1.361764,-1.215531,1.372443,-0.237318,1,7.096831
QML_0729,-1.140161,0.109203,-0.726144,-1.746736,-0.896458,-1.087235,-0.98638,0.864172,1.783485,0.400153,0,1.316528
QML_0730,-1.119536,0.006819,0.369706,-1.2149,-1.087509,-0.289335,-0.600593,-0.394782,-0.738719,0.280615,0,-1.230774
QML_0731,0.447814,-1.214989,0.668418,1.376166,1.128609,-0.465748,0.985325,-0.765388,-2.920995,0.122589,1,7.511722
QML_0732,0.058274,-0.311002,-0.669681,0.173584,0.353529,-0.325159,-0.609018,0.209955,1.04451,2.766466,1,5.75317
QML_0733,0.548739,-0.431901,0.051832,-2.430136,-0.845074,0.94968,1.361485,-1.459884,-0.341972,0.911126,0,3.530045
QML_0734,-0.187671,0.996264,-0.623603,-2.488824,-0.730644,-0.785308,-0.778555,-0.103807,-0.866186,-1.081722,0,1.803912
QML_0735,0.278144,-0.994605,-0.526507,0.053303,-0.503063,1.735023,0.181335,1.031415,-0.588718,0.370222,1,8.971132
QML_0736,0.158119,1.45056,-1.124929,-0.975222,-1.100492,-1.32506,-0.084022,1.284173,-0.414814,-0.791737,0,0.544272
QML_0737,0.777767,0.399472,1.265775,-1.598443,-1.185235,1.61543,0.547174,-0.472336,1.297193,0.446251,0,5.674594
QML_0738,0.807008,-0.54379,1.065685,0.56797,0.556463,-1.016511,0.263081,0.42731,0.159911,-1.375187,1,6.666694
QML_0739,-1.619872,-1.466613,0.537434,-1.357818,-1.213751,-0.001013,0.858092,-0.81953,1.283599,-1.107779,0,1.502889
QML_0740,-2.247269,-1.917374,1.972196,0.461036,0.316513,-0.490196,1.754217,0.180639,0.49422,0.343908,0,6.465031
QML_0741,1.001745,-0.532466,-0.189246,-0.60367,-0.874001,-0.343729,-1.049369,-0.737917,-0.309231,0.997669,1,8.371178
QML_0742,1.187725,0.733852,3.031762,-1.566269,-0.957211,0.801357,1.388751,0.21407,-0.390357,0.502644,1,14.503719
QML_0743,-1.020623,-1.605071,-0.227529,-1.809476,-0.865222,1.499827,-1.80795,-0.984834,0.561609,0.854117,0,2.676668
QML_0744,-1.859835,-2.876221,0.255193,-1.315697,-0.867047,1.190525,0.565637,1.323698,0.820426,0.373819,1,3.966268
QML_0745,0.099035,-0.268256,-0.397778,-2.350839,-0.707793,-0.404856,-0.448632,1.160752,0.996793,0.172496,0,2.323051
QML_0746,0.930838,-1.020467,0.372326,-0.959365,-1.204096,0.184255,0.15523,-0.489245,-0.261539,-0.503693,1,4.689436
QML_0747,1.797595,0.34934,0.835615,2.009773,0.750198,-0.782078,-0.514508,0.829989,0.175206,0.813002,1,9.08421
QML_0748,0.516298,-0.488774,-0.113916,1.656811,0.894476,-0.99155,-0.793508,-1.213488,0.58404,1.024879,1,9.916541
QML_0749,-0.371717,-0.944978,1.77672,-0.639981,-0.698004,-1.146301,0.933031,0.721083,-0.383965,-0.063116,0,5.419278
QML_0750,-0.893131,1.209597,0.239149,0.379168,0.388893,-0.437573,-0.269607,-0.652623,-1.13494,-0.116926,0,1.023282
QML_0751,0.011451,0.054248,0.270485,0.336803,0.686857,0.249606,0.265933,-1.093075,-0.806271,1.591406,0,1.927543
QML_0752,-0.299265,0.04397,-0.908998,1.643688,1.200369,-1.911815,-0.257044,0.534574,-0.241035,-0.020422,0,4.904159
QML_0753,-1.015068,-2.068226,0.418499,-1.318549,-1.215234,-0.046354,1.768198,-0.09058,0.662207,0.075686,1,3.168538
QML_0754,2.048756,0.570947,-0.134027,-1.018063,-0.681492,1.516025,-0.10683,0.090419,1.258977,0.484226,1,7.144819
QML_0755,1.785168,1.16485,-0.60824,-0.991073,-0.676539,1.121911,0.299244,0.061589,-1.356047,-0.097806,1,4.782371
QML_0756,1.136049,-0.246023,-0.776474,-2.29565,-0.950113,-0.585184,-1.083014,-1.321656,-0.597345,-0.82034,0,8.495214
QML_0757,-0.92085,0.265386,2.671763,-0.926561,-0.587343,-1.396873,0.781519,-1.345859,-0.357862,0.377966,0,10.51608
QML_0758,0.855019,-0.552031,-0.263477,1.889569,0.909527,0.45983,-0.41343,0.303503,0.794717,-0.038755,1,10.964506
QML_0759,0.639626,0.108383,-1.456985,2.059938,0.530248,-2.317428,-2.058409,0.371594,-0.528111,1.84225,1,13.077858
QML_0760,0.442546,-0.254744,-0.698221,-1.951823,-0.814483,1.110154,-0.479217,-1.358476,-0.429732,0.788449,0,3.354712
QML_0761,1.249665,0.826988,-0.051568,-0.209707,-0.153933,-0.213587,-0.543393,-0.364682,-1.411993,-0.595482,1,8.609115
QML_0762,0.635371,-0.194962,0.546667,-0.593255,-0.615983,1.8313,-0.887609,0.338554,0.483407,0.72906,1,5.820457
QML_0763,0.740014,0.176748,0.554797,-0.053204,-0.062542,-1.726965,1.516774,0.470042,-0.161399,0.307866,1,1.983672
QML_0764,0.636906,0.149588,0.676615,0.273598,0.090426,0.918146,0.124215,0.984827,-0.654045,1.309426,1,6.355914
QML_0765,0.340791,-0.436794,-0.64486,-2.398706,-0.523884,-0.100509,-1.515855,-0.237803,-0.259513,-0.524454,1,5.951392
QML_0766,-1.783611,-0.568656,0.34044,1.711211,0.979295,-0.331051,0.82212,0.144773,1.126996,0.188676,1,4.796698
QML_0767,0.083621,0.248622,-0.876059,2.36832,0.740093,-1.369843,-1.086841,0.235681,-1.004887,-0.099094,0,6.417602
QML_0768,-0.556192,-0.381227,-0.619643,0.767024,0.783281,0.595748,0.274858,-0.563864,-0.84166,0.058479,0,3.567585
QML_0769,-1.279841,-1.069802,-0.917709,0.802261,0.430283,0.676137,-1.119103,-1.338524,1.252252,-0.885199,0,4.347608
QML_0770,1.681817,1.602062,-1.188389,0.139899,-0.084127,1.785128,-1.183456,-1.487322,0.075775,0.575912,0,6.820441
QML_0771,1.728995,0.750488,1.064209,-0.828633,-1.289494,1.00805,0.969087,1.008376,0.669754,0.417964,1,8.254814
QML_0772,1.359221,0.486879,0.688612,-1.755111,-0.841877,-0.593895,0.867621,-0.899305,0.401752,1.285224,0,4.353972
QML_0773,0.255213,0.229354,0.976665,0.420317,0.104997,-1.003863,1.18318,0.390764,-0.035335,-0.010026,0,2.610903
QML_0774,1.350625,2.184942,0.039313,-2.275293,-0.728795,-1.368491,-0.030813,0.231142,-0.348299,-0.41184,0,0.488044
QML_0775,0.012053,-1.132674,0.776808,1.622513,1.09141,1.473224,0.887366,-0.301101,0.831558,0.789294,1,9.174043
QML_0776,0.202797,0.765917,-1.761289,-0.395442,-0.234627,-0.778174,-0.748244,1.00048,1.162337,-0.794204,0,7.479441
QML_0777,-1.093471,-2.210605,0.863088,-0.426229,-0.714444,1.48023,0.734531,0.595205,1.084188,1.084985,1,5.813373
QML_0778,0.396991,0.403027,0.17712,-0.864146,-0.776831,0.525072,0.031256,-1.431776,-1.185472,1.082842,0,4.197547
QML_0779,0.060386,1.372033,0.62711,2.346769,1.13131,0.329903,-0.500465,0.830082,1.304911,1.257279,1,6.776626
QML_0780,-1.302652,-0.30109,0.380023,-1.625415,-0.56993,-0.306868,0.65548,0.020996,-0.357935,0.376623,0,-0.617571
QML_0781,-0.051197,0.116873,-0.987055,-1.743461,-0.7383,0.660673,-0.663526,-0.458942,-0.75503,-0.486496,0,3.534558
QML_0782,-0.07973,-0.520233,-1.49804,-1.672342,-0.910475,-0.015471,-1.317478,0.680654,-0.169328,0.109188,0,6.512807
QML_0783,1.797561,1.015049,-0.712054,0.792637,0.460931,-0.369213,0.33211,0.558197,0.831128,0.380069,1,7.469463
QML_0784,0.894213,0.277564,0.564917,2.459477,0.810092,0.696005,-0.53265,-0.568235,0.540464,-0.560142,1,5.439805
QML_0785,0.011445,-0.661785,0.690091,-1.322624,-1.008868,-0.143972,1.551688,1.449117,-0.255386,1.333116,0,0.665941
QML_0786,0.248787,-0.109561,-1.367942,2.028087,1.037384,-0.798335,-0.972037,0.446125,0.837666,0.580084,1,7.459459
QML_0787,0.044212,0.192941,-0.981099,-1.106917,-1.052534,0.599827,-0.480383,0.317339,0.139861,-0.892223,0,5.415073
QML_0788,-0.202914,-0.763737,-0.723236,0.7395,0.630685,-0.063986,-0.763044,-1.290359,-0.572971,1.882874,1,5.702867
QML_0789,-1.082427,-1.280675,-0.357305,-2.297505,-0.706328,0.48891,-1.333711,-0.662044,-0.708035,0.097389,1,5.587965
QML_0790,-0.151052,-1.239285,-1.362051,-0.02173,0.039841,-0.45386,-1.044182,-0.159078,0.410235,-1.094103,1,8.387935
QML_0791,-0.746098,-0.078238,-1.422052,0.77285,0.821609,-1.209121,-0.777852,0.391877,-0.082518,-0.830254,1,8.748419
QML_0792,-1.250316,-0.224149,-0.821835,0.181599,0.035804,1.735074,-0.135738,0.038291,-1.375505,1.487784,0,2.65404
QML_0793,0.511222,0.478083,0.086254,-1.310823,-1.302218,1.546611,-0.068344,0.789099,0.847161,1.824985,1,2.233523
QML_0794,0.391265,1.03559,-1.180594,1.642485,1.403628,0.883785,-2.251567,-0.712297,-0.480275,1.009485,1,9.760825
QML_0795,-1.786708,-0.908002,-0.115804,2.350683,1.333307,-0.387811,-1.083142,0.606471,1.59212,1.319309,0,5.148867
QML_0796,-0.122685,0.265733,1.058553,-0.20402,-0.090752,-0.300318,2.0748,0.949791,-1.40299,1.216615,0,1.285935
QML_0797,0.995701,0.805898,-1.30178,0.679596,0.297481,1.382327,-1.621394,0.79515,-0.180709,0.556916,1,10.69178
QML_0798,1.059224,0.504764,-0.206446,1.452066,0.799661,-0.35383,0.78307,0.81254,-0.699978,0.329042,1,5.306986
QML_0799,1.025837,0.113012,1.024757,-1.292555,-0.83426,-0.632556,0.110173,1.165521,-0.975423,0.539863,0,4.766683
QML_0800,0.038913,1.903432,-0.418268,1.822252,1.30383,1.872235,-0.411384,-1.247464,-0.486791,0.736015,0,0.953587
QML_0801,-0.845045,-0.848933,-0.57367,-1.098995,-1.193974,-0.047678,0.004817,0.591575,1.770568,-0.741598,0,1.917126
QML_0802,-1.083699,-1.16203,1.163496,1.379154,0.95061,1.768425,0.281321,1.406035,0.14337,0.731959,1,7.52757
QML_0803,0.344605,0.558441,-0.306202,-1.939504,-0.883811,-1.398392,0.820598,0.220952,-0.791708,1.458617,0,0.570435
QML_0804,0.37928,0.42268,1.104495,-1.058066,-0.655264,0.518185,0.82237,-0.848051,-1.828628,-0.206372,1,3.882987
QML_0805,1.287331,-0.486041,0.428965,0.1681,0.081409,2.071083,0.599829,1.496261,-1.721363,-0.313248,1,10.797254
QML_0806,1.09998,1.559265,-0.342845,0.12461,-0.266665,0.029751,-0.413936,-0.975968,-0.536463,0.476546,0,4.277455
QML_0807,-0.132229,-0.152791,0.479691,1.752156,1.138899,-0.264004,0.763952,-0.493327,-0.633688,-0.649658,1,4.431501
QML_0808,-1.244206,-1.628605,0.32045,2.480636,0.895071,-1.167752,1.25053,-0.983813,-0.224051,-1.316819,1,4.553946
QML_0809,-0.319107,0.834958,1.020883,-1.963946,-0.944355,1.082343,0.629282,-0.106461,-2.272184,1.147719,0,2.685628
QML_0810,0.217231,0.651301,-0.548346,-1.143059,-0.808597,-0.770128,0.740471,-0.243372,-0.091682,-0.450951,0,0.447952
QML_0811,-0.202083,-1.186006,0.041206,-0.712009,-0.771979,-0.094809,-0.368693,-0.026277,1.02773,0.018449,0,5.442874
QML_0812,-0.577894,1.192764,-0.061516,-0.105408,-0.316656,-1.234502,0.453601,1.28395,1.622841,-0.610125,0,-1.461545
QML_0813,0.252885,0.699064,0.704148,-0.030451,0.22616,1.556895,0.810828,-0.065027,-1.894446,1.276755,1,3.517617
QML_0814,-0.503958,-0.285843,-1.025179,1.780975,1.074868,1.154885,-1.412204,0.043879,-0.801393,0.853176,1,7.064937
QML_0815,-0.628066,1.00625,1.016977,1.352797,1.098924,-0.031585,0.85086,1.160046,-0.854234,-0.24074,1,3.00297
QML_0816,0.311453,0.306702,0.466329,-2.405742,-0.295689,-1.154149,0.331218,0.953274,0.145721,-1.179897,0,1.775812
QML_0817,-0.401993,-0.244967,-1.316925,-0.224891,-0.486711,1.535907,-1.476422,-0.780834,-1.219772,-0.34693,0,4.944967
QML_0818,0.244104,-0.426998,1.208263,0.590369,0.418661,-0.365932,1.078486,-1.461222,1.682263,0.570153,1,8.264775
QML_0819,0.273204,0.644835,2.234093,-0.198022,-0.157247,-1.105205,1.658953,0.388499,0.043522,0.188636,0,8.763528
QML_0820,-1.139429,-0.221573,1.001834,-1.846774,-1.103238,-1.762118,0.654102,1.034549,-0.123146,0.109098,0,1.425649
QML_0821,-0.481241,-0.252204,1.426985,-0.51263,-0.294686,-0.645965,0.954314,0.15855,1.592714,0.211699,0,4.661126
QML_0822,1.437777,0.119289,0.085371,-0.441722,-0.474346,-1.454638,0.001253,-0.866469,-0.016048,0.758796,0,5.399189
QML_0823,-1.16208,-0.528703,-1.661505,-1.56142,-1.248089,-0.622821,-1.402058,0.724065,0.400303,-0.041859,0,6.457533
QML_0824,-2.116654,-1.223489,-1.84412,1.281536,0.974898,0.744409,-1.199992,0.508618,-0.750798,0.450013,1,9.049277
QML_0825,-1.861845,-2.157468,0.255082,-0.892997,-0.73637,-0.3754,-0.239987,0.195098,-1.370502,-0.986919,0,4.494004
QML_0826,0.02911,-1.23503,-0.591979,0.444936,0.664071,0.355693,1.312541,1.090009,-0.610362,2.553851,1,8.242181
QML_0827,0.030917,0.497385,-0.914576,0.078651,0.176855,-0.723335,-1.55627,0.852727,2.186976,-0.283859,0,4.725755
QML_0828,-0.117611,-2.276291,-0.062747,1.887135,1.065667,0.065169,-0.424001,0.503856,0.633021,0.203593,1,10.347428
QML_0829,1.21419,0.842403,0.615585,-1.889925,-0.869436,1.920901,0.102177,0.494276,0.274535,0.566466,1,4.414172
QML_0830,-2.672834,-1.87643,-1.452758,-1.928685,-0.983694,-0.348486,0.30939,0.486608,-0.976373,-0.410791,0,1.928918
QML_0831,0.395934,1.329773,-0.448878,-0.998402,-1.019661,0.384429,-1.172302,0.075494,0.911251,0.007825,0,3.376792
QML_0832,1.561438,0.439343,1.509871,-0.343925,-0.264975,-1.565527,1.333759,-0.108235,-1.357693,-0.004325,0,9.582832
QML_0833,-1.127781,-0.059718,-1.075288,-1.007289,-0.928668,1.520106,-0.591246,0.628801,-1.567056,-0.914038,0,4.324515
QML_0834,-0.379807,-0.54627,0.869761,1.315935,1.390154,-0.477207,0.825674,0.331483,-0.558887,0.438589,1,6.00852
QML_0835,-0.752892,-0.317405,-0.484731,-1.273671,-0.620636,1.050534,0.464312,-0.030058,1.954491,-1.649222,0,3.862629
QML_0836,-0.894346,0.134421,0.545794,-2.076126,-0.716805,-0.12318,1.172345,-1.120016,1.897894,1.752708,0,-0.663737
QML_0837,-0.326262,-0.572616,1.097328,-0.431001,-0.323164,0.611579,0.475007,0.605786,-0.451237,0.792971,1,3.263932
QML_0838,1.427485,1.632189,0.741282,1.366896,0.957295,0.671012,0.645009,0.437996,-0.674199,0.639122,1,5.176855
QML_0839,1.837387,0.165919,0.90916,1.75281,0.6682,-0.45244,-0.575255,-0.473255,-1.640362,-1.736642,1,13.152615
QML_0840,-0.335939,0.065637,-1.151594,1.166724,0.865425,1.091906,-0.741705,-0.431031,0.078031,-0.792529,0,6.729265
QML_0841,1.90506,1.832027,1.11366,0.289433,0.310759,-0.758985,0.263469,-0.759833,0.162013,1.389345,1,8.090125
QML_0842,0.035576,0.580599,-0.852693,1.120959,0.957882,0.777934,-0.718034,1.385746,0.789556,4.151241,1,6.99631
QML_0843,1.753691,2.593508,0.259542,0.906948,0.905011,-0.390205,-0.913812,1.080604,0.910708,1.194692,1,5.058542
QML_0844,-0.093299,-0.700238,0.258246,-1.328167,-0.740377,0.349558,0.443939,0.183147,-0.197422,1.036943,1,2.02693
QML_0845,0.131058,-1.100195,0.485123,0.253794,0.07804,-0.461993,-0.763184,-0.295041,0.556028,0.524974,1,8.208689
QML_0846,0.365474,-0.644174,0.336957,1.353047,0.805617,0.049976,0.332255,0.710476,-0.700639,-0.847497,1,7.379214
QML_0847,3.178854,2.309746,-0.84381,-0.914397,-0.42948,-1.074694,-1.387896,0.083185,0.537043,0.995174,1,8.519781
QML_0848,0.851286,0.891442,-1.349867,0.769866,0.888784,0.247557,-1.497174,1.427553,-0.507232,-1.101207,1,10.376942
QML_0849,-0.707265,-0.302077,0.872349,-0.092598,-0.190158,0.044188,1.36122,-1.334632,0.459459,-1.210585,0,2.046562
QML_0850,0.968998,-0.421565,0.185835,0.015794,-0.011009,-0.540154,0.512231,-1.397143,0.378501,-1.273529,1,5.574666
QML_0851,-0.361833,0.452829,1.149377,-2.049725,-0.913168,-0.055028,1.551546,0.205833,0.068804,0.975723,0,-0.455065
QML_0852,-0.48975,-1.310362,-0.044733,0.831086,0.746557,0.134004,0.98251,-0.890162,0.79454,-0.057414,1,8.816701
QML_0853,0.908601,1.484838,-1.405164,1.828435,1.085165,-0.616357,-1.48596,0.312912,-1.570399,0.100858,1,10.953165
QML_0854,0.031086,2.44592,0.96613,-1.792844,-0.3417,-0.128759,1.650622,0.844269,-1.064916,-0.015404,0,-0.358049
QML_0855,0.278576,0.4647,-0.370371,-0.669472,-0.573133,-1.005552,-1.211838,-1.085671,-0.27006,-1.125717,1,4.460086
QML_0856,0.013985,0.503334,0.342003,-2.256663,-0.608221,2.345733,0.724368,-0.178175,-1.443263,-0.670731,0,0.895478
QML_0857,0.336583,-0.23381,-0.647459,-2.351841,-1.131798,1.059119,-0.773891,0.566001,-0.406865,-0.620426,0,4.841386
QML_0858,0.424966,-1.30495,1.644302,2.448292,0.517854,0.273094,0.546316,1.001591,-0.37463,-1.405271,1,10.258709
QML_0859,-1.936967,-1.577643,-0.876565,-0.032642,0.274567,1.172113,-0.21419,-0.010968,1.309684,-0.50421,0,2.781409
QML_0860,0.666573,-0.562346,-0.33743,-0.722405,-0.560612,-1.979252,0.378018,-0.881539,0.142534,-1.081306,1,8.439637
QML_0861,-0.982019,-1.770065,0.107449,-1.125615,-1.999811,-2.55768,0.670139,0.257398,1.02943,0.577676,0,2.702823
QML_0862,-1.442299,0.670741,-1.092182,2.400063,0.843922,-0.399291,-0.624869,-0.136449,0.301675,0.660971,0,2.14627
QML_0863,-0.058411,0.199807,0.33052,-1.238746,-0.465835,-1.378564,0.317136,0.815776,-0.535667,-1.293639,0,0.118547
QML_0864,0.083981,0.368924,1.61191,1.128542,0.404812,-0.236606,1.470801,0.166728,0.133717,-0.296632,1,8.353235
QML_0865,-0.693506,-0.644097,-0.490462,-1.08121,-0.50268,0.205657,-0.145877,-0.661731,0.729426,1.85606,0,1.578041
QML_0866,0.831032,0.310127,0.395143,-2.147552,-1.531225,0.920414,0.628481,0.763179,1.193401,-0.980763,1,4.340411
QML_0867,-1.342175,0.081672,-2.749435,0.916383,1.027905,-1.138264,-1.792005,0.053241,-0.13231,0.426638,0,14.936089
QML_0868,-0.406944,-0.251306,-0.038929,-2.491846,-0.607147,0.399631,0.520559,-0.96736,-1.647511,0.105522,0,1.975783
QML_0869,-0.584874,0.129409,-0.313042,0.878743,0.182444,0.01439,-1.276815,0.189217,-1.717802,1.092888,1,5.473698
QML_0870,-0.046587,-0.192227,-0.818498,-1.248117,-0.836855,0.347509,-0.658276,1.34496,-0.326413,0.295467,0,3.790705
QML_0871,0.278864,-0.137455,1.08145,1.230521,1.230373,-0.519772,-0.142485,0.616549,-2.337902,-0.431295,1,7.309675
QML_0872,-1.007893,-1.750218,-0.326244,1.348751,1.066421,1.383135,-0.048514,-0.60359,1.795104,0.066764,1,4.309436
QML_0873,0.724283,-1.282731,-0.177477,1.120536,1.046541,-0.103509,0.94302,0.63262,0.596933,0.08137,1,6.594205
QML_0874,0.063002,-0.187676,-0.377193,-2.377583,-0.794741,1.774182,-0.57219,-0.652181,-0.635667,-0.091695,0,2.503004
QML_0875,-1.891946,-0.992548,-1.916816,1.018683,0.386071,-0.790389,-1.259057,0.128067,-1.109648,-1.319111,0,10.06271
QML_0876,-1.958591,-2.170436,-1.131986,2.450728,0.81017,0.742827,-0.300674,0.079787,1.028119,1.243089,0,4.85319
QML_0877,-0.012319,-0.036079,0.961093,-1.286873,-0.522525,-0.059668,-0.671254,-0.757827,-1.113637,1.066434,1,4.563659
QML_0878,-0.220967,-0.075842,-2.109951,-1.128807,-0.621507,-0.327742,-1.816337,-0.456356,-1.018227,-1.044189,0,10.942397
QML_0879,-0.10342,-1.889488,-0.766315,1.567633,0.503026,0.632315,-0.299486,1.326544,-0.765946,-0.300726,1,8.497749
QML_0880,-0.027982,-0.793246,-0.39972,-1.698016,-1.370642,-0.299173,-2.162851,-0.748204,0.114087,-0.225086,1,5.52749
QML_0881,0.22556,0.470232,1.743622,0.802918,0.507894,-2.661965,0.58561,0.903081,0.620797,-1.156519,0,8.016785
QML_0882,0.94765,0.850207,0.768604,1.275132,0.558365,-3.062868,1.25358,0.502112,1.192672,-1.866796,1,5.088263
QML_0883,-1.111105,-1.591731,-0.557171,-2.314197,-0.725124,1.272422,0.261929,0.097887,1.044971,-0.670593,0,0.962093
QML_0884,-1.171972,-0.509904,1.304514,0.26881,0.363939,1.230258,1.156466,-1.087455,0.000774,-0.356402,0,3.342653
QML_0885,-1.093324,0.267718,-0.740516,0.379386,0.012787,1.887341,0.055067,-0.886288,1.020522,-1.441233,0,-0.148779
QML_0886,0.288917,0.819416,1.0091,-0.982786,-0.637764,-0.017528,0.846188,-0.963067,-0.671,0.176978,0,3.304467
QML_0887,1.244947,0.603728,-1.358877,1.881723,1.102326,-1.292635,-0.590207,0.260383,-1.820866,1.162856,1,9.439131
QML_0888,-0.431339,-0.635017,1.073258,-1.686251,-1.130382,-0.419584,0.546106,1.42015,-0.671131,0.842116,0,2.683757
QML_0889,-2.5017,-1.910878,-0.406134,-0.679026,-0.671166,0.011425,-0.209015,1.131718,-0.806261,-0.126686,0,0.238285
QML_0890,-1.703993,-0.539549,-1.028504,1.743343,0.4977,-1.007038,-1.130994,-1.424244,-0.631987,-1.840412,1,6.967936
QML_0891,-0.833037,-0.292332,-0.217144,-1.546786,-1.082777,1.648575,0.669264,-0.67882,-0.959375,0.715702,0,-1.584123
QML_0892,-0.557729,0.228243,0.277344,1.606871,1.001196,2.239503,1.183155,-1.028228,-0.46111,0.146392,0,0.459426
QML_0893,-0.408389,-0.112521,-0.494748,-2.104654,-0.818664,0.478281,0.550619,1.427034,0.620017,0.424351,0,0.978006
QML_0894,0.038581,0.717169,0.553954,-0.053855,0.040891,-0.010864,0.122497,-0.793169,1.715257,1.936103,0,3.733617
QML_0895,-0.311746,-0.091057,-0.582994,-2.123347,-0.790128,-1.294967,-1.028049,-0.89606,-1.725346,-0.824812,0,4.806771
QML_0896,1.04934,1.244122,0.620372,0.889518,0.710682,1.546434,1.264294,0.362626,-1.287735,-2.874816,1,3.87492
QML_0897,-0.676017,0.36839,0.442222,1.453007,1.06462,0.076307,0.663095,0.16856,-0.791446,-1.053455,0,4.543867
QML_0898,-0.862318,-1.158123,-0.060923,1.749293,1.23462,-0.289164,0.170934,-0.822446,0.765742,0.486045,1,5.637527
QML_0899,0.478876,-1.273541,-0.441382,2.406311,0.646921,0.481174,-0.720828,0.511095,-0.204947,0.026926,1,9.67666
QML_0900,-1.535642,0.467366,0.151541,0.860079,0.837293,-0.585712,0.38276,-1.208978,-0.724109,-1.215636,0,2.583847
QML_0901,0.389692,0.43249,0.550254,1.34531,0.928143,0.146875,-0.320253,-1.441893,0.716733,-1.419717,0,6.776412
QML_0902,0.102553,-1.400909,2.061799,0.028791,-0.132902,-1.442467,1.8554,-1.252756,0.95639,-0.354609,1,14.128198
QML_0903,-0.147442,-0.68784,0.93942,2.063685,1.01169,1.087087,1.553871,-0.405395,-0.01876,-1.246095,1,5.376888
QML_0904,1.588276,1.529645,0.97599,0.718792,0.519669,-0.104411,1.743373,1.425049,-0.816219,0.520633,1,7.0225
QML_0905,-0.622207,-0.579939,3.088512,1.917757,1.036947,1.158801,2.622499,0.141741,0.27028,-0.411427,1,16.568045
QML_0906,2.060298,0.697912,0.515958,-1.32274,-0.962328,-0.201136,-0.537143,0.764178,-0.233268,-0.627118,1,6.941924
QML_0907,-0.225431,1.066762,0.484644,-0.016311,-0.092294,-0.1362,0.467515,-0.535513,-0.241013,-0.758276,0,2.220344
QML_0908,-1.277016,-1.592553,0.704015,1.149095,0.830358,-1.212317,1.883604,0.658017,-0.5124,0.263123,1,4.928948
QML_0909,0.06992,-0.639975,-1.008966,-1.486391,-1.12347,0.759757,-1.270874,1.398544,0.924983,0.042609,1,7.951627
QML_0910,-1.076245,-0.412256,-0.443902,-1.443301,-1.403334,-0.87584,-0.349199,-0.426717,0.24988,0.201957,0,0.99835
QML_0911,-0.751756,-0.081579,-0.506169,2.390214,0.778371,-0.486422,0.564472,1.497178,1.035701,0.180129,0,2.017549
QML_0912,0.397033,0.64026,0.647614,-0.326948,-0.263268,0.001047,0.854467,0.41523,1.336326,-0.072196,1,3.032386
QML_0913,0.555582,1.080122,-0.174175,-1.590923,-0.78738,0.121224,1.490179,0.745774,0.458981,-1.033131,0,-0.378911
QML_0914,-0.622168,-0.1734,0.138223,-0.842681,-0.879294,-1.706097,-0.379609,-0.743498,-0.506477,-0.73038,0,2.118801
QML_0915,0.987405,0.959049,1.087455,-0.513119,-0.017051,-0.230806,0.117877,0.429272,1.040326,-0.394675,1,2.747442
QML_0916,1.157508,0.416301,0.863151,0.615426,0.482373,0.79523,1.399887,0.033019,0.465665,2.065195,1,4.94996
QML_0917,1.436302,0.84326,-0.161721,2.115073,0.636724,-0.378338,-0.890526,1.369208,2.603368,-1.348836,1,9.902032
QML_0918,0.529413,0.382581,-0.669995,2.43295,0.402382,-0.224732,-0.596896,1.214025,0.310103,-0.418977,1,5.834594
QML_0919,1.363429,0.932719,1.135275,0.758494,0.254348,0.162406,0.752022,-0.309982,0.697688,0.098267,1,10.006455
QML_0920,-1.880798,-0.37778,0.773891,0.999612,1.224418,-0.12596,1.215117,1.340609,0.290424,-0.303333,0,2.003705
QML_0921,-0.317907,0.297025,-1.606257,-0.890854,-0.434842,-1.030516,-0.725106,1.154438,-0.099099,1.07397,0,4.324495
QML_0922,-0.867005,-0.439268,-0.313154,1.785793,1.127163,-0.036346,0.077884,0.271152,-0.258792,-0.308498,0,2.884636
QML_0923,0.119226,-0.622183,0.165515,-1.411008,-1.211283,0.994073,-0.145719,-1.253646,0.294244,-0.234541,1,2.284752
QML_0924,-0.571449,-0.256777,0.77883,-1.968097,-0.469292,-1.051176,1.334933,-1.017629,0.521176,0.814629,0,4.494314
QML_0925,-0.166158,-0.115202,0.910101,2.36628,0.61201,-0.374482,3.253857,-1.269377,1.154388,1.810712,0,5.623971
QML_0926,1.882175,1.199401,0.283906,1.820693,0.901681,-1.381631,0.648068,-1.176021,0.308851,1.407498,1,9.598099
QML_0927,-0.16972,1.782201,0.585248,-0.981774,-0.47217,0.941382,0.47446,1.430857,-0.462889,-0.136654,0,-0.508357
QML_0928,0.413792,-0.217621,0.064137,0.875854,0.932818,-0.092358,-0.798715,-0.863498,-0.326854,-0.049514,1,6.352688
QML_0929,-0.232269,0.231198,-0.673852,-0.164908,0.386114,-0.8502,-0.886059,0.572564,-1.322937,0.046719,0,2.740806
QML_0930,0.075713,0.949835,-0.261264,-0.884359,-0.711328,0.092266,-0.321797,0.409585,1.661214,0.146999,0,3.151145
QML_0931,0.006017,0.086611,0.018991,-1.066129,-0.974593,-1.2036,-0.334196,0.393435,-0.541174,-0.847348,0,3.955924
QML_0932,0.448324,2.233747,-0.034679,-1.819863,-1.122094,-1.033496,-0.034726,-0.879888,0.96744,0.936594,0,0.926371
QML_0933,1.165308,0.319586,-1.885573,0.24659,-0.21765,-1.460134,-0.164191,0.23804,0.276551,0.206609,1,10.886159
QML_0934,1.647394,1.181543,-0.397483,-0.267017,-0.333504,-1.066779,0.53242,0.376615,0.303732,-0.044856,0,6.339947
QML_0935,0.30962,-0.508694,0.056206,0.060932,0.347043,1.357338,-0.063897,0.211216,-0.117448,-1.271145,1,4.856615
QML_0936,0.589547,0.025455,-0.28137,-1.423214,-0.839421,-0.733118,-0.982341,-0.941513,-0.787799,0.062286,1,5.289647
QML_0937,-1.150865,-0.421382,-0.246824,2.193053,0.817642,0.466225,0.696512,0.669182,-0.968535,-1.893212,0,3.938955
QML_0938,-0.087877,0.671026,0.487991,0.692956,0.390081,-0.836301,0.309709,-1.280271,1.728465,-0.581649,1,4.123087
QML_0939,0.940289,0.78839,-1.078957,1.998003,0.966845,0.759534,-1.877495,0.2736,0.113961,-0.563098,1,9.262283
QML_0940,0.865969,1.54653,-1.628042,-1.953644,-0.674401,-1.026082,-0.67655,-0.191222,1.125268,0.286995,0,5.475651
QML_0941,0.21161,0.035665,-0.34817,0.614255,0.68403,0.039228,0.422977,-0.74914,1.384907,1.87985,1,6.831848
QML_0942,0.886394,0.205173,0.764114,1.747309,1.026146,0.052851,-1.04196,0.922167,-0.410847,0.571907,1,11.404138
QML_0943,0.490767,2.568309,1.687553,-0.845396,-0.947473,2.327805,0.645327,-0.972322,0.423506,1.448402,0,0.672043
QML_0944,1.200306,0.99527,0.782128,-1.524284,-0.782123,0.630425,0.475695,1.298945,0.045011,0.645212,0,4.270802
QML_0945,0.289359,-0.452412,-1.468264,-1.174893,-1.705625,-0.592904,-0.550353,1.153695,-1.157214,1.125053,0,5.770866
QML_0946,-0.355698,-0.785758,-0.232367,-1.135331,-0.810963,0.685049,-0.497892,-0.418237,-0.18548,1.857127,0,3.053203
QML_0947,0.335841,-0.616565,0.256634,-0.264005,0.381631,2.138174,-0.361248,-0.584541,0.587507,-0.731837,1,3.665385
QML_0948,-2.930594,-0.815743,0.177591,-0.870182,-1.14154,-1.629636,0.596974,-1.08754,-0.499029,-0.797104,0,-1.173306
QML_0949,0.382886,-0.099134,0.539305,-1.14363,-0.970486,-0.842482,0.073104,1.248983,-0.324843,0.668811,0,3.021847
QML_0950,-3.648413,-1.898369,-0.917049,0.742561,0.6742,-0.236898,-0.289599,0.382596,-0.173367,-0.003678,0,1.100201
QML_0951,-1.723463,-1.001887,0.064943,-2.234838,-0.903153,-0.417088,-0.677025,-1.404649,2.111529,0.220354,0,1.435536
QML_0952,0.451769,0.870241,0.420323,-0.798181,-0.456994,-0.332757,-0.58479,0.032998,-1.834049,-0.248667,0,2.860847
QML_0953,0.477529,-0.457091,0.825671,0.94876,0.930806,-1.304232,1.068895,-1.242603,0.501643,-0.596259,1,8.654689
QML_0954,-1.162429,-1.553572,-0.805718,-1.620751,-0.960677,1.403956,-0.399865,0.221252,-0.253339,1.620765,0,3.233376
QML_0955,-0.712102,-0.201003,-0.345157,-1.395361,-0.785332,-1.422609,0.357986,0.026885,-0.640655,-1.099861,0,1.661663
QML_0956,1.370541,1.264613,-2.703818,-1.496667,-0.993066,-0.200213,-2.238858,-1.251462,-0.277876,0.686392,0,13.685875
QML_0957,-0.48403,0.016436,-0.621462,-2.495369,0.192791,1.045831,-0.951842,0.947582,0.667376,0.524228,0,6.122812
QML_0958,2.24292,0.545571,-0.524415,-0.131161,-0.092949,-0.030185,0.517377,-0.713048,0.724524,-1.579013,0,7.925009
QML_0959,-0.00192,0.574806,-1.019585,-2.305206,-0.693406,-0.979394,-1.703632,0.124453,0.186017,-0.83078,0,5.296164
QML_0960,0.408036,-0.407862,0.165612,-1.135301,-1.334278,-1.348676,0.929378,0.417117,1.092741,-0.662691,0,3.335256
QML_0961,1.616874,0.445973,-0.055945,2.474017,0.483221,-0.229999,0.819166,1.386914,1.268833,0.564584,1,6.059894
QML_0962,0.131027,-0.730296,-2.259214,2.091981,1.154074,-0.75703,-1.022392,-0.018565,0.816376,-0.367035,1,14.047512
QML_0963,-1.002344,0.554695,0.215508,-1.424621,-1.3232,0.205231,-0.296219,1.251947,-0.546192,-0.08559,0,-1.446332
QML_0964,-0.109727,0.478058,-0.928324,-0.949988,-1.352798,-1.401451,-1.180567,-0.435428,0.494442,-1.457647,0,4.185708
QML_0965,-0.035611,0.494658,0.485689,-0.181477,-0.172404,0.813036,0.203446,1.072312,0.499201,2.325912,1,4.71558
QML_0966,-1.364742,0.309522,-1.281851,1.722068,1.331266,0.11555,-1.739072,-0.792521,-0.815631,0.071196,0,5.375283
QML_0967,-0.255832,2.250044,0.030007,1.51323,1.008939,0.189836,-0.604097,0.622439,-1.569439,0.499001,0,3.008164
QML_0968,-0.742192,-1.861048,-0.283163,-1.868793,-1.039958,1.441077,0.220863,-1.234164,-2.022776,-0.540625,0,-1.141824
QML_0969,0.924358,-0.119223,0.303102,-1.877756,-1.417879,-0.437795,0.634248,1.458151,0.069855,-0.652627,0,2.920666
QML_0970,0.034612,-0.504712,0.124697,-0.416339,-0.291351,-0.725817,-0.594936,1.361809,0.29804,1.912685,0,4.967892
QML_0971,-0.282796,-0.878734,-0.255164,1.850477,1.126462,-0.547764,0.260864,-0.173359,-1.181782,-1.916722,1,6.278096
QML_0972,-0.106182,-0.974346,-1.536272,1.910425,0.497445,-0.192527,-0.780093,0.071806,1.046032,0.278647,1,10.060082
QML_0973,0.223122,-0.131988,-1.477208,-1.963171,-0.640371,-0.090965,-0.05262,0.293325,0.152218,-1.211504,0,5.356481
QML_0974,0.616814,-0.694865,-0.583887,0.371486,0.554425,-0.830698,-0.038782,-0.674887,1.349453,-0.405001,1,4.768839
QML_0975,-0.999712,-0.265056,-0.00828,-1.721624,-0.705568,-2.023085,0.682282,0.523414,0.370536,-0.638094,0,-2.497175
QML_0976,-1.041588,-0.52893,-0.608248,0.930647,0.947888,-0.560929,-0.115673,0.595686,-1.066334,-0.985978,0,5.46874
QML_0977,1.104679,1.016448,0.625212,2.082166,1.035496,0.359826,1.074602,0.075229,0.458281,0.035442,1,5.3136
QML_0978,-0.412337,0.204784,-0.279221,-0.226154,-0.09405,0.136258,-1.032081,-1.056778,0.670111,-2.568029,0,2.706992
QML_0979,-1.416842,-0.266707,-0.965013,-2.084586,-0.65377,1.199554,-0.754643,1.257558,-0.547624,-0.315488,0,0.702784
QML_0980,0.443813,-0.073301,-0.278096,0.396271,-0.068708,1.955487,-0.220006,-1.154865,-1.442093,-0.09029,0,1.735095
QML_0981,0.46337,2.057825,0.22586,-0.457417,-0.816897,0.759334,-0.000336,0.387517,0.100296,-1.359277,0,2.695912
QML_0982,-1.530715,-0.642627,0.324885,1.554494,0.815865,1.382521,0.515946,-1.190734,-1.000845,1.513219,0,2.042862
QML_0983,0.229482,-1.456897,1.878379,-0.798278,-0.74861,0.766774,1.727212,-1.061698,1.120888,-0.594458,1,6.544411
QML_0984,0.735583,-0.447449,-0.668909,1.874486,1.051274,1.709899,-0.213269,-1.438385,-0.407177,-0.237484,1,5.439589
QML_0985,0.374386,-1.273515,-0.073479,-1.131498,-0.82388,1.850854,-0.166449,-0.409908,1.724601,-0.592219,0,4.521451
QML_0986,0.631981,0.362324,0.426124,-1.712412,-0.710713,0.951165,-0.179938,0.418748,-2.124159,-0.081566,1,2.507399
QML_0987,-1.404269,-0.875882,-0.023423,-0.967598,-0.536402,0.70638,0.696775,0.064633,0.134796,1.308144,0,-2.0512
QML_0988,0.33104,-0.21609,-0.500618,-2.325421,-0.946625,-0.205232,-0.123106,0.523617,1.429393,2.473016,0,3.923041
QML_0989,-0.30262,1.542846,-1.549257,-1.09377,-0.82872,-0.041337,-1.746579,0.525057,-0.890304,0.745639,0,4.83345
QML_0990,-0.48279,0.201101,-0.510835,0.800588,0.505808,-0.337837,-0.483481,-1.079479,-0.159201,1.087994,1,5.790337
QML_0991,0.870556,1.095989,-1.073702,-1.788585,-1.023439,0.621252,-1.884736,-1.327988,-0.403036,1.716427,0,5.813401
QML_0992,1.479275,0.022189,-1.726607,-1.943175,-0.851017,-0.720348,-1.185634,0.376074,-0.683768,0.248871,0,8.69839
QML_0993,1.79437,0.13763,-0.795679,-1.838074,-1.816672,-0.191106,-0.685922,0.459673,0.244623,1.570251,1,7.46495
QML_0994,1.314808,0.754429,-1.047092,-2.112242,-0.254154,-2.35517,-1.106368,0.170111,-1.295422,0.792401,0,5.924223
QML_0995,-0.109734,0.086702,0.583787,1.873177,1.096232,1.72309,1.438641,-0.762713,-0.110969,0.143987,0,2.9746
QML_0996,0.35272,-1.383869,0.601092,2.220576,0.647292,-0.220475,-0.330736,0.932296,0.515994,0.350341,1,8.757213
QML_0997,0.766823,0.268492,-0.903879,-2.267194,-0.285315,0.45558,-0.17356,-1.272942,-0.215094,-1.821417,0,3.779105
QML_0998,0.121178,0.078609,-0.260229,1.300359,0.876796,1.457787,1.2392,0.396935,-1.000204,0.292119,1,2.020973
QML_0999,0.130764,-0.110956,-1.858243,1.185759,0.959914,0.300293,-0.600546,-1.138765,1.030185,-1.543748,1,12.46815
QML_1000,0.823753,-0.238318,-0.49434,2.484547,0.489001,1.444344,-0.366538,0.463343,0.730257,-1.625269,1,9.080613
QML_1001,-0.059283,-0.49121,0.398982,-0.760647,-0.276392,-1.241738,-0.457857,-0.246823,-1.041187,0.192879,0,2.67975
QML_1002,-0.729287,-0.551438,0.824938,-1.072455,-0.904623,2.397377,-0.307884,0.654309,-1.294108,-1.114079,0,5.196208
QML_1003,-0.414473,-0.15078,-0.713047,-0.234589,-0.195073,1.08711,-0.766642,-1.343423,-0.951924,-0.007114,0,2.191902
QML_1004,0.63391,0.862724,1.051855,1.782876,1.278541,0.209202,0.289748,0.165249,0.545273,0.138435,0,6.618311
QML_1005,0.002993,0.920374,-1.515692,1.142968,1.056154,1.425079,-1.52869,-1.065366,0.275573,0.18305,0,6.210091
QML_1006,0.34021,-0.06308,-1.247628,-0.141881,-0.154992,-1.168635,-1.085443,0.547145,0.790083,-0.904121,0,7.665081
QML_1007,0.670079,-0.019189,0.709662,-1.277186,-0.679607,-0.288615,0.430303,-1.140133,-0.32615,0.898682,1,3.541871
QML_1008,-0.374841,0.165845,1.671121,1.135079,1.541188,1.44425,1.485173,-1.27925,-0.924734,-0.089235,1,3.821195
QML_1009,0.756248,0.935155,0.493432,1.772634,1.059052,-1.86706,-0.459165,0.639368,0.918846,0.441076,1,6.673465
QML_1010,0.378843,-0.160707,-0.040342,-0.500244,-0.450449,0.560458,-0.471698,-1.309404,-0.553449,-1.19644,0,3.641075
QML_1011,-1.234813,-0.007313,-2.195184,0.842927,0.789251,0.532176,-1.640415,-0.826408,0.186548,-0.178328,0,10.208335
QML_1012,1.442305,1.625915,-2.022447,-0.49894,-0.150888,1.969226,-1.542778,0.974206,-1.549925,1.097294,1,13.731832
QML_1013,-0.500745,0.822524,0.12941,-0.107533,-0.257125,-1.582955,1.284262,0.929065,-0.56981,0.970178,0,-2.128713
QML_1014,-1.655095,0.60127,-0.358063,0.124552,0.054651,1.609631,-0.099684,1.062377,1.009396,-0.797293,0,1.232242
QML_1015,-1.045044,-1.311228,-1.105835,1.378629,0.597232,-0.559471,-1.822918,-0.5217,-0.716275,-0.545558,1,9.591017
QML_1016,-1.021045,-0.549761,0.065533,2.38753,0.388639,-0.447009,0.317691,0.084144,0.814504,-0.988687,1,1.771741
QML_1017,0.052173,0.038281,0.115131,-0.278169,-0.404046,-1.222004,0.435273,0.820042,-2.33102,-0.656413,0,2.33803
QML_1018,-0.273851,-0.23398,0.944416,-0.788425,-0.723228,-1.087852,0.579758,-1.089043,-0.559392,-1.399068,0,3.656288
QML_1019,-0.336832,-0.737131,0.136602,-0.632045,-0.148525,0.403522,-0.693086,0.673173,-0.171355,-0.138176,1,5.307446
QML_1020,0.619702,-0.921892,1.228394,-1.830555,-0.832454,-1.112332,2.002612,-1.207541,1.74254,0.633138,1,7.515108
QML_1021,0.339875,0.265709,0.007994,-1.015306,-1.077662,0.740284,-0.689829,1.239752,-1.169063,-0.785053,1,4.900447
QML_1022,0.316048,-0.479276,-0.115335,-2.067763,-1.061028,-0.662966,0.348767,0.411931,0.670993,-0.090606,0,1.436212
QML_1023,0.409828,0.2985,1.064312,-0.360529,-0.009082,-1.213034,0.875051,-0.020084,1.056932,-0.220498,1,4.495251
QML_1024,0.616135,-0.336063,-0.978441,-1.663214,-0.71408,-0.527809,-0.294382,-0.045812,-0.72149,1.055119,0,4.378849
QML_1025,-2.107953,-2.094084,2.814447,-0.767966,-0.687636,0.336707,3.079571,-0.955914,-0.373524,-0.611592,0,9.384128
QML_1026,-0.364438,-0.001287,0.375257,1.467889,0.884078,-0.277353,0.627746,-0.462248,0.141629,-0.575216,1,2.101403
QML_1027,-2.18021,-1.070832,0.380829,-1.270362,-0.673975,0.03421,-0.096551,0.681371,-1.481485,-0.846021,0,-2.258882
QML_1028,0.03606,0.512223,0.525096,0.559473,0.282408,0.696207,1.086462,0.122831,-0.455103,-1.13751,1,5.084763
QML_1029,-0.004633,1.855436,1.877136,2.005907,1.004831,1.082421,0.903781,0.087919,1.276112,0.529185,1,7.30218
QML_1030,1.045532,0.810739,0.792507,0.334646,0.8966,-0.310095,0.661068,-0.914262,0.522655,-0.135111,1,5.783477
QML_1031,1.187634,1.065518,-1.605056,-1.531037,-0.947871,-1.044222,-1.964044,0.571087,-0.156751,0.05481,0,6.782684
QML_1032,0.202775,-0.804401,1.40347,-0.776169,-0.894453,0.076094,0.310796,-0.323898,0.113072,1.274641,1,5.676055
QML_1033,-0.500361,-1.36907,-0.340897,0.451846,0.539219,0.47065,-0.205226,-0.95174,0.580905,1.332081,0,5.960494
QML_1034,0.485161,1.612244,0.107155,0.033056,-0.084453,-1.460725,0.314265,1.331354,0.77241,-1.646234,0,-0.253904
QML_1035,-0.527918,-1.075313,-1.279254,-1.756901,-1.331261,-0.890608,-2.002032,0.020396,-0.556414,0.647835,0,8.641741
QML_1036,-0.001393,-0.888118,0.526202,-0.266018,-0.087633,-0.719187,0.691578,0.08411,1.534721,0.225647,1,4.430926
QML_1037,0.986136,0.509141,-0.651374,0.215333,0.493132,-0.207822,-0.988591,1.444116,1.316348,-0.461591,1,6.960619
QML_1038,-0.557771,-0.383438,0.10017,-1.163336,-0.995857,-0.761034,0.901916,-0.400782,0.677258,0.327684,0,-0.325178
QML_1039,0.805679,-0.324007,-0.284099,0.562228,0.438763,0.707041,-0.427646,1.329062,-0.84296,-1.726383,1,8.36718
QML_1040,0.677401,0.113344,1.925013,-2.1492,-1.077728,-1.605133,0.617154,0.584776,-1.020224,1.462642,0,7.605265
QML_1041,-0.954792,0.519834,1.98226,-0.816965,-0.766556,-1.579719,1.436855,0.399287,-0.326604,0.514944,0,2.840783
QML_1042,0.973894,-0.149453,0.046513,1.521384,0.858187,-0.333889,-0.562994,-0.796745,0.060765,-0.865198,1,8.423372
QML_1043,0.698566,-0.80041,0.063978,-1.203576,-1.186087,-0.175653,0.869599,-1.344733,-1.768492,-0.58541,0,4.996374
QML_1044,0.101926,0.857264,-0.373443,0.525884,0.97502,-1.454644,-0.261065,-0.186648,0.494693,-1.703146,1,6.227082
QML_1045,-0.762323,-0.000826,1.106006,-0.449851,-0.318209,-0.606749,0.675615,-1.469487,1.287462,-0.313957,1,3.793494
QML_1046,-0.859206,-1.000004,-0.32892,-0.917699,-0.651107,-0.401044,0.154427,-1.286992,0.576474,-0.482732,0,4.176231
QML_1047,-0.537663,-1.640556,-0.421337,2.080658,1.093662,-0.393298,-0.948152,0.28598,-0.676053,-1.32511,1,8.706085
QML_1048,0.542594,-0.334503,0.978593,-0.783691,-0.51314,0.151881,-0.152935,0.673415,-0.794403,0.776702,1,7.296151
QML_1049,-0.955625,-0.572093,-0.538299,-1.31662,-1.071148,-0.661579,-0.111381,-0.996155,0.299852,1.276797,0,1.600481
QML_1050,0.437512,1.231453,-0.037755,2.046507,0.957106,1.477836,-0.741214,0.697501,-0.153304,-0.02736,1,6.157338
QML_1051,-1.241756,-1.56406,-1.581311,1.229722,0.875138,0.488205,-1.821924,1.349177,0.443041,-0.305647,1,11.098792
QML_1052,-0.204069,-0.18408,0.70419,0.908999,0.898505,-0.807114,1.036825,0.729528,0.601721,0.434985,1,5.007197
QML_1053,0.109648,0.634179,1.940867,-2.252325,-0.691188,0.094511,1.699899,0.854146,1.091891,-0.019639,0,6.572555
QML_1054,2.44513,-0.679256,0.721225,-1.843975,-1.058583,0.124015,-0.310131,0.602138,-1.132123,-1.082179,1,9.96615
QML_1055,-1.377316,0.121195,1.461799,0.6917,0.305523,1.214721,0.620821,-0.825788,0.221619,-0.652678,0,4.26178
QML_1056,1.472015,-0.195475,-0.846102,-1.452836,-0.956491,-0.600382,-1.179697,-0.41733,-0.363475,-0.296436,1,7.455455
QML_1057,0.149842,0.364609,0.236324,-1.37181,-1.031335,0.767339,1.320035,1.347801,-0.098635,0.248187,0,3.02778
QML_1058,0.411172,0.435825,-0.94316,1.395693,0.512115,0.041854,-0.071305,0.483632,0.864409,0.009337,1,8.479726
QML_1059,0.118348,0.98699,-0.227766,-1.070375,-0.750465,1.491567,-0.432985,0.867074,0.973126,0.210369,0,3.765961
QML_1060,0.444727,0.712885,0.772211,-2.142063,-0.599881,1.290891,0.915075,1.406084,1.398444,-1.524828,0,4.485767
QML_1061,-0.153685,-2.105224,0.101821,-2.31784,-0.101612,0.196979,-0.810247,-0.805689,0.42559,0.665218,1,7.099073
QML_1062,1.45405,0.132665,-1.412641,-0.28411,-0.378103,-0.262283,-1.426069,-0.53494,-0.110017,0.003416,1,9.685569
QML_1063,-0.456471,-0.133585,-1.315029,0.585643,0.418057,0.506606,-0.852359,0.434405,-0.252878,2.552709,1,7.862764
QML_1064,1.132235,0.456996,-1.381164,1.844426,0.685441,-0.18045,-0.672865,-1.426928,-1.734755,-0.387634,1,11.397818
QML_1065,-0.644367,0.051567,0.491453,-1.945978,-0.878281,1.680307,0.280668,0.213657,1.339735,0.323458,0,-0.223407
QML_1066,-0.060252,0.637823,2.063895,-1.516636,-0.947954,0.07847,1.605935,0.926065,-0.321898,2.829219,0,6.193459
QML_1067,-1.071963,-0.072395,1.362458,0.149003,-0.054372,-0.405643,1.004639,0.33133,0.505897,0.194092,0,2.13538
QML_1068,0.455024,0.068129,-1.895985,-0.679458,-0.672104,-0.459615,-1.433515,-0.61382,0.678997,-0.067631,0,9.902031
QML_1069,1.445126,-0.774567,1.421076,-0.087313,-0.581868,-1.213036,0.802259,0.672312,-1.245316,-0.986922,1,9.515461
QML_1070,-0.077356,-0.429705,0.9364,2.120623,1.084209,0.556559,0.378408,-1.061905,-0.923346,1.528266,1,5.448607
QML_1071,-0.196886,0.245626,-1.5453,0.224458,0.029908,-0.820011,-0.930951,1.18432,1.54702,-1.159102,0,6.782145
QML_1072,-1.114617,-1.539919,-0.303202,-0.424397,-0.420435,1.098148,0.054789,-1.197255,0.290436,0.427121,0,1.98022
QML_1073,-0.229293,0.410473,1.095522,2.4472,0.283246,-1.292935,0.895799,1.090473,-0.580586,-0.473555,0,2.370561
QML_1074,-1.592794,-0.103903,0.550434,-2.173922,-0.969155,0.127241,-0.380785,-0.006572,-0.126347,-0.189336,0,0.598801
QML_1075,-0.912878,-0.394246,-1.309095,2.160567,0.76117,1.150224,-1.56567,-0.214059,1.086237,-1.423932,0,6.777092
QML_1076,0.226786,-2.479481,0.610742,0.008309,0.005486,-2.152247,0.686793,0.001985,0.934314,1.343127,1,11.01162
QML_1077,1.319013,-0.360918,-2.137501,0.018782,0.138714,2.018266,-0.539663,-0.899381,-1.466082,-0.277797,0,12.272662
QML_1078,2.809211,3.148327,-0.222822,2.109822,1.217978,-0.425285,-0.056905,-0.126943,1.634284,-1.21509,1,5.52084
QML_1079,-0.586585,-0.787179,1.137957,0.03662,0.219789,0.141095,0.528985,1.049159,0.966148,1.252691,1,4.402579
QML_1080,1.4353,-0.897107,0.018394,-0.307965,-0.062578,0.571449,0.158697,0.902866,-0.152475,-0.504137,1,9.792316
QML_1081,0.243752,1.184024,-0.498938,-1.137557,-0.546085,0.726129,-1.08819,-1.010854,-1.191722,0.334607,0,1.058067
QML_1082,-0.151248,-0.071834,0.889346,0.794084,0.855649,0.273884,1.473355,0.520263,1.054009,0.841416,1,3.435693
QML_1083,0.432594,1.177126,0.974752,0.348225,0.332054,0.997385,0.803612,1.070512,0.476428,0.474034,1,6.445719
QML_1084,0.061916,0.269469,1.31004,-1.428273,-0.737583,0.519071,0.481881,0.959303,-1.457798,-2.196636,0,3.96214
QML_1085,0.110396,0.450493,0.874342,1.047065,1.134211,1.760881,0.503623,-0.223103,-0.232078,0.695357,1,6.017102
QML_1086,-0.408333,0.083975,1.081375,0.720434,0.821853,0.522328,0.414389,-1.355721,3.126173,-0.100614,1,5.715915
QML_1087,-1.39811,-0.176095,0.732909,-0.513331,-0.854738,1.964636,1.365621,1.293508,0.016502,-0.329029,0,2.955955
QML_1088,-1.543625,1.086822,0.265529,-2.477995,-0.82632,0.901079,0.054414,-0.312345,-0.741971,-0.109075,0,0.251828
QML_1089,0.653245,1.18464,0.089509,-0.267094,-0.332643,-1.80575,0.163644,-0.41707,-1.008497,-1.610033,0,1.775561
QML_1090,-0.2767,-1.495473,-0.23726,-2.469709,-0.427556,2.611103,0.20684,0.778545,1.772099,0.192171,1,5.851744
QML_1091,-0.596089,0.051813,-1.212368,-2.125008,-0.855652,-0.574344,-1.330156,-0.708083,0.847759,-1.364391,0,4.483056
QML_1092,0.008506,0.974937,-0.955312,-0.34695,-0.055814,1.495544,-0.542807,1.004244,1.407439,-0.28584,0,7.86538
QML_1093,0.794932,1.459508,-0.282014,-2.090401,-0.539207,0.026793,-0.019027,-1.271845,0.248185,0.156264,0,4.009896
QML_1094,0.180364,-0.263414,0.241452,-1.121673,-0.601035,1.06109,-0.841135,0.722134,1.254019,1.074037,1,6.360281
QML_1095,-0.656055,0.629373,1.440813,0.777457,1.002854,-0.688479,1.172822,1.397368,-0.84832,-0.819613,0,2.691598
QML_1096,1.226293,1.463042,-0.041797,-0.956923,-1.076672,0.625745,-0.059003,1.487306,0.162591,1.451587,0,3.185764
QML_1097,1.579186,3.055192,1.003476,2.488243,0.728509,-0.253191,0.786911,1.271413,0.287054,0.946853,0,3.074616
QML_1098,0.494557,-0.365495,1.079316,2.08151,0.720514,1.579003,0.77868,1.112287,1.382447,-0.42941,1,9.204203
QML_1099,0.973664,0.104224,-0.231447,0.42655,0.001465,0.438668,0.006448,-0.663359,0.318843,-1.108749,1,8.185726
QML_1100,1.24196,0.422877,0.59469,2.334736,0.650249,0.935943,1.285556,1.399945,-0.625512,-1.443816,1,7.8546
QML_1101,1.130099,0.204866,-0.243528,1.840086,1.295144,-2.164077,-0.937149,1.28369,0.064074,0.271754,1,5.635997
QML_1102,0.614099,-0.418763,1.322136,-0.905507,-0.671553,-0.085573,0.703096,0.103118,-1.676413,-0.737284,0,7.300222
QML_1103,0.598347,-2.019183,0.635843,1.247981,1.452798,0.410552,0.878392,-0.293767,-2.320969,1.199357,1,7.983818
QML_1104,0.519661,-0.083681,-1.190484,-1.815841,-0.925819,0.223615,-0.520737,-1.172198,0.831341,-0.679524,0,5.755941
QML_1105,-1.097338,-0.289581,0.161525,0.922757,1.40922,0.961157,0.411681,0.271902,-0.374744,-0.900671,0,2.176357
QML_1106,0.700723,-0.033841,1.648112,-0.044591,-0.000196,-0.365904,2.943504,0.601638,-0.261417,0.233626,0,6.088396
QML_1107,-1.355814,0.899376,-0.181231,-2.41587,-0.658056,0.048787,0.272326,-0.28801,0.830947,-0.686047,0,-2.505361
QML_1108,-0.794599,-0.42566,0.447715,-1.128851,-1.223769,1.181227,1.04851,-0.281911,1.39701,0.00855,0,-0.457131
QML_1109,1.303565,1.814335,0.545879,2.276911,1.038529,-2.278689,0.182518,0.219934,0.534488,0.985989,1,5.295558
QML_1110,0.84022,0.684328,-1.036623,-0.920843,-0.921643,0.589351,-1.371029,-1.416648,1.928073,0.117229,0,5.394909
QML_1111,1.487398,1.520515,0.510708,-1.592728,-1.161521,-0.333885,0.153189,1.373598,0.502689,0.120964,1,2.509887
QML_1112,-0.271674,0.087934,-1.393835,-1.562343,-0.679657,-0.912318,-0.51291,-0.630283,0.302213,0.205147,0,5.701999
QML_1113,-1.152249,0.52973,-0.625624,-0.103934,0.185809,0.336544,-0.173499,-1.077327,0.240389,-1.693099,0,-0.262875
QML_1114,-0.240437,-0.084692,1.075723,1.713246,1.272884,1.227451,1.015119,-1.483535,-1.285496,0.391838,1,4.875518
QML_1115,0.102031,0.47782,0.356756,1.290009,0.87029,1.039144,0.110406,1.070675,0.955999,0.159932,1,6.254999
QML_1116,0.078989,0.354827,-0.304478,-0.31574,-0.323264,-0.135113,-0.456106,1.089622,-2.445466,0.892897,0,2.869244
QML_1117,1.13368,0.378482,0.446461,-1.456366,-1.008424,0.875741,0.195616,-1.21408,-0.586253,0.605811,1,2.119789
QML_1118,-0.36127,0.145536,-0.060092,-2.269675,-0.569934,0.868068,0.428844,-1.043276,0.02293,-0.201949,0,-0.060377
QML_1119,0.352034,2.092847,0.012579,-0.186848,0.202628,-0.087371,0.555278,-0.156293,-0.789762,1.032393,0,2.758274
QML_1120,-0.988627,-0.773582,0.656819,1.573877,1.092032,-0.693081,-0.194284,-0.942887,-0.451756,-0.292631,1,6.28761
QML_1121,0.450317,0.60422,-0.727368,1.14841,1.405836,-0.635234,-0.013635,0.707463,1.839376,0.247157,1,4.608302
QML_1122,0.003109,1.070822,0.040336,-0.456996,-0.216956,0.837853,-0.394733,-1.325881,1.104024,-0.311149,0,1.691463
QML_1123,-0.749813,0.556818,-0.312268,0.473513,0.397316,-0.042147,0.086211,0.149128,-0.685828,0.461758,0,1.789625
QML_1124,-0.235829,-0.119747,-1.585603,-0.318767,-0.106218,-1.046182,-1.2347,-0.351625,-0.469567,-0.37649,0,8.470654
QML_1125,-0.184176,-2.127177,-0.920456,0.395081,0.811368,-1.684863,0.373444,-0.105161,-1.277004,1.647552,1,8.03951
QML_1126,-0.270155,0.290612,1.568206,0.087526,0.586987,0.831831,0.825996,-0.225729,0.704994,2.017363,0,7.063953
QML_1127,1.771341,-0.912315,0.384723,0.904833,1.083045,-0.546778,0.385404,-1.040522,-0.249742,0.873938,1,10.578843
QML_1128,-0.098446,1.195301,-1.323588,0.038544,0.044953,0.330388,-0.532226,-0.839156,-1.966466,1.541297,0,6.174508
QML_1129,-0.243896,0.00991,-1.540354,2.203055,0.752521,1.239707,-1.646321,-1.305577,0.100784,-1.539214,0,6.716045
QML_1130,-2.097451,-0.303875,-0.112164,-0.359859,-0.208125,-1.308924,-0.125872,-1.154143,0.438979,-1.421378,0,0.693762
QML_1131,-0.894207,-1.258609,1.561187,-2.420418,-0.241773,-0.045137,0.91955,1.433684,0.963141,-0.321561,0,6.981477
QML_1132,-0.263073,-1.464322,-0.186758,-1.318132,-0.859808,-0.170694,-0.464709,-0.66064,-0.073355,0.041231,0,4.805816
QML_1133,-0.685853,-0.155578,1.307,0.003034,0.116667,0.379743,0.62908,-0.578923,-0.372671,-0.198207,1,6.941245
QML_1134,1.381708,0.731376,0.351931,0.202859,0.21432,1.23916,0.969161,-1.118681,1.986265,-1.642135,1,3.698996
QML_1135,-0.164938,-0.508525,0.47125,0.261924,0.176967,-1.329452,-0.059183,0.765493,0.006586,1.151592,0,4.457186
QML_1136,1.288444,0.780606,-1.335721,1.07276,0.837989,0.569798,-0.566839,1.272428,0.719562,2.154198,1,13.163363
QML_1137,0.061705,2.386258,0.937523,-1.126759,-0.869168,1.031524,0.860753,0.869252,-0.53954,1.280988,0,-1.606548
QML_1138,0.037228,0.729822,-0.334932,0.824518,1.163746,-0.186377,-1.14249,0.337847,0.68991,1.085523,1,3.468399
QML_1139,-0.088796,0.843236,0.863092,1.020161,0.792264,-0.137447,0.941625,0.939699,-1.455629,0.22612,1,3.127946
QML_1140,0.003796,0.719434,-0.81417,-0.443596,-0.416037,0.418449,-1.488703,-0.287309,-0.462068,-0.842997,0,5.1557
QML_1141,1.718795,2.20288,0.177049,-0.489155,-0.686224,0.344817,0.532194,1.078492,-1.208274,0.072528,0,1.53361
QML_1142,-2.319611,-1.437347,0.352003,-1.605376,-0.820244,0.582353,-0.083273,0.895557,-0.604973,2.105588,0,0.90639
QML_1143,-2.001546,-2.847397,-0.154033,-0.430063,-0.075258,0.561281,-0.102385,-1.494826,1.25047,-0.351988,0,3.210121
QML_1144,-0.543171,-0.459042,0.404545,1.434081,1.396794,-0.981972,-0.5581,-0.036618,-0.612326,-0.454957,1,8.410208
QML_1145,0.014528,0.697966,-0.266397,2.044865,0.940559,0.990266,-0.106929,-0.70615,0.718256,1.107304,1,5.145403
QML_1146,0.690104,-0.444773,-0.64906,0.468066,0.59475,1.166783,0.148176,-1.241301,1.517265,1.173686,1,6.323883
QML_1147,0.473087,0.110287,1.605483,-1.003148,-0.881555,0.186083,0.599311,1.038588,-0.027577,-0.847902,1,8.191451
QML_1148,-0.384246,-0.79934,1.048953,0.911449,0.922397,-1.494155,0.339608,-1.476151,0.993767,-0.261485,1,10.136981
QML_1149,1.019044,1.837199,-0.760865,1.200731,1.010795,-0.114746,-0.237102,0.690491,0.531086,-0.501905,0,5.388163
QML_1150,1.030195,1.203646,0.568444,-0.838936,-0.729366,0.194406,0.709663,1.464576,0.116437,0.069689,0,1.812099
QML_1151,0.184058,0.655041,-0.742679,1.632739,1.032521,-1.1446,-2.102092,-0.053941,0.750316,1.103687,1,7.230636
QML_1152,0.962658,1.057823,-1.184685,-2.131521,-0.733889,-0.360138,0.480735,-0.386278,1.839938,-0.804028,0,4.540111
QML_1153,0.272645,0.118293,1.033809,-2.446231,-0.714201,-1.409369,1.067226,0.317499,-0.637269,1.089665,0,3.502171
QML_1154,-0.561483,-0.140893,-1.7041,-1.885146,-1.011622,0.607292,-0.739873,0.914093,-0.959201,0.101651,0,4.164952
QML_1155,0.697817,-0.623608,0.926856,-1.719958,-0.562055,0.165955,0.555498,-0.779244,-1.017915,2.326192,1,5.060949
QML_1156,0.110613,-1.797638,-0.252722,1.894645,1.625654,-1.645783,-1.382885,-0.747896,0.994428,0.318831,1,11.546846
QML_1157,0.00134,0.128306,-0.211547,-0.375091,-0.667449,0.351465,0.290487,0.321534,1.129368,-0.096919,0,3.693406
QML_1158,1.472954,1.085516,0.409751,-1.125342,-1.217283,-0.056509,-0.080546,1.319639,-0.537037,0.574715,0,5.975664
QML_1159,-2.450872,-0.320105,0.581199,-0.354624,-0.586526,0.516414,0.760395,-0.60468,-2.136014,-0.337146,0,-1.846217
QML_1160,-1.417684,0.555909,-0.826343,-0.525796,-0.527723,-0.391532,-0.720661,-0.369736,-0.674757,-1.795273,0,-0.193964
QML_1161,-1.18707,0.68161,0.717726,-0.992692,-0.613555,-0.801479,0.657134,1.48,0.547854,-0.240521,0,-4.475468
QML_1162,-0.363261,-1.048113,0.113371,-1.810502,-0.823595,-0.770845,-0.424388,-0.971334,-0.066723,-0.256294,1,5.142902
QML_1163,-0.254608,-0.43946,-1.256055,0.779577,0.745987,-0.53817,-0.317386,-1.269095,0.180348,-1.592317,1,7.654588
QML_1164,-1.507326,-0.420745,-0.169874,-1.816978,-0.837616,0.018825,-0.891359,0.269266,-0.523344,-0.073035,0,1.456407
QML_1165,-0.985158,1.610282,1.381279,1.377122,0.808282,0.147958,2.426515,-1.427199,1.014089,-2.06711,0,2.884539
QML_1166,-0.860842,0.784621,1.676595,-1.49156,-1.057893,-0.19072,2.628283,-0.9587,0.343192,-0.347687,0,-0.948253
QML_1167,2.457424,2.303071,0.717348,1.156857,0.91052,-0.42332,1.563399,0.366628,0.586463,0.243596,1,7.149019
QML_1168,1.801742,0.661338,-1.190343,1.527931,0.603027,-0.351403,-0.004179,0.478537,0.159066,0.096996,1,11.993024
QML_1169,-0.411749,-0.977182,0.490607,-1.87337,-1.2449,2.507725,0.288468,0.031276,0.524368,-0.411069,0,4.274932
QML_1170,-0.363583,0.470601,0.850861,-2.066271,-1.160135,-0.770725,1.353858,-0.348756,0.458572,-0.08553,0,-1.456466
QML_1171,-1.149204,-1.567624,0.725708,2.247864,0.97044,-0.557972,0.445481,0.228593,-0.928075,-0.784064,0,4.597271
QML_1172,-1.90813,-1.252143,0.784954,-0.184766,-0.122378,3.293854,-0.460318,0.430157,0.373063,0.010817,1,2.838108
QML_1173,-0.11688,-0.161845,0.363263,0.651177,0.758889,0.421013,1.231365,0.910446,0.791508,0.058086,1,5.192988
QML_1174,-0.997852,0.805157,-0.072412,-2.383698,-1.147308,-1.379981,0.683047,0.878252,1.155141,-0.90025,0,-2.186079
QML_1175,-0.084851,-0.34816,-0.608367,-1.106449,-1.265006,0.842687,-0.446228,0.494402,0.416107,0.267699,0,1.036454
QML_1176,-1.600206,-2.953475,-1.897936,0.026988,0.192789,-0.910039,-2.124925,1.182698,-0.965251,0.261453,0,10.679248
QML_1177,-0.761974,0.009692,0.339642,1.931092,0.241125,0.909062,-0.143281,1.014076,-0.811317,-0.16621,1,6.217899
QML_1178,0.148627,-0.512424,0.186053,-1.142803,-0.603643,-0.210962,-1.053508,-1.100262,-0.435148,2.421047,1,4.931333
QML_1179,0.36621,0.237652,0.557576,1.375957,0.525249,-0.439796,1.004606,1.370038,0.189464,-0.140702,1,5.227878
QML_1180,0.417472,0.155911,-1.337544,0.811065,0.935857,1.609165,-1.978431,1.175227,-0.122236,-0.279234,1,11.919744
QML_1181,-1.320489,-0.958917,0.645017,-1.923646,-1.160538,0.566401,0.637952,-0.537218,-1.123732,-0.422393,0,-0.604096
QML_1182,0.854686,1.141867,2.054545,-1.033124,-0.596677,0.972989,0.889781,-1.439447,-1.12972,-0.970939,0,6.055874
QML_1183,-0.800212,-1.743052,0.07845,-1.31068,-0.16432,0.43492,-0.872442,0.311928,-2.098522,0.685897,1,4.29192
QML_1184,0.632858,-0.09139,-0.061665,-0.287362,-0.851718,-0.444445,0.111765,-0.184747,-3.119475,-0.686247,1,5.730948
QML_1185,-0.010639,0.575581,0.309002,0.676671,0.800045,0.611354,-0.000668,0.7487,-0.131782,-0.567948,1,5.621572
QML_1186,-1.376387,-1.278985,2.032337,-0.332901,-0.778827,1.209215,1.967459,0.073799,2.32023,-0.538242,1,6.638851
QML_1187,-0.316198,-1.541394,-1.023648,-1.277317,-0.850551,0.134738,-1.540497,-1.270529,1.79678,-0.984944,0,7.971839
QML_1188,0.365364,0.769222,0.203207,0.979394,0.778467,1.801643,-0.35001,-0.765938,-0.978231,-1.751083,0,3.491047
QML_1189,0.612965,1.291761,-0.799657,0.422355,0.442356,0.850487,-2.111728,1.147571,0.149903,-0.46294,1,6.228297
QML_1190,-0.140988,-0.115789,-0.547005,0.09657,-0.131502,0.211983,-1.802729,-1.386931,-1.46458,0.873335,1,6.315206
QML_1191,1.531779,-0.82424,-0.04959,0.272098,0.463888,0.251487,1.134112,0.710009,-1.31211,0.19698,1,8.496945
QML_1192,1.007511,1.154205,1.347323,-1.390497,-1.345879,0.137237,2.297465,-0.624169,-1.197473,1.560575,0,3.549893
QML_1193,-0.256654,-1.552064,1.800991,0.902155,1.095074,-1.251239,1.320965,-0.142081,-0.225499,0.750956,1,9.424621
QML_1194,0.750122,0.675046,0.448142,-0.562497,-0.635613,-0.090072,-0.221789,0.093016,-0.18246,0.523965,0,6.141227
QML_1195,1.933793,0.309242,-0.376595,-0.682661,-0.981533,0.221186,-0.457608,-0.749756,0.252702,1.882649,1,7.869069
QML_1196,1.960485,0.092403,2.492739,-1.751329,-0.585014,-0.416085,2.31274,0.455881,0.663216,-0.097146,1,12.472403
QML_1197,-1.228,-1.051023,-0.427554,0.484187,0.448653,0.337677,-0.633641,0.580327,-0.336881,0.063076,0,3.783906
QML_1198,-0.926533,-0.665396,-0.571136,0.513322,0.967983,0.021307,-0.245333,-1.244822,0.036202,-0.011464,1,5.797218
QML_1199,1.484919,0.269128,-1.774943,-0.798497,-0.410969,0.773692,-1.250752,-0.378219,-1.093813,1.543787,0,9.494207
QML_1200,-1.058281,-0.081657,1.396092,1.79925,0.774481,0.663112,0.607536,0.733132,-1.344497,0.002515,1,8.872916
